judge	satnorm	weighting	target	metric	n_prompts	core	rand	best_ho	best_in	top_w	top_pop	full	target_reliab	delta_core	ci_lo	ci_hi	eta	eta_lo	eta_hi	eta_in	eta_topw	core_minus_topw	cmt_lo	cmt_hi	core_minus_reliab	cmr_lo	cmr_hi	retention	effect_over_floor	p	bh_survives	K5_admissible
main	raw	uniform	intrinsic	tau_b	966	0.6628	0.4164	0.6674	0.9734	0.6853	0.4749	0.5078	0.6563	0.2466	0.2284	0.2644	0.9825	0.9168	1.0464	0.4426	1.0720	-0.0224	-0.0407	-0.0050	0.0066	-0.0107	0.0228	1.3065	25.95	0.00050	1	1
main	raw	uniform	intrinsic	top1	966	0.7037	0.5237	0.7026	0.9819	0.7301	0.5517	0.5871	0.6986	0.1796	0.1581	0.2006	1.0036	0.8880	1.1207	0.3919	1.1543	-0.0269	-0.0498	-0.0049	0.0046	-0.0174	0.0245	1.1983	16.56	0.00050	1	1
main	raw	uniform	intrinsic	pair	966	0.8314	0.7082	0.8337	0.9867	0.8427	0.7375	0.7539	0.8281	0.1232	0.1134	0.1329	0.9820	0.9156	1.0497	0.4422	1.0719	-0.0113	-0.0202	-0.0023	0.0032	-0.0057	0.0120	1.1031	24.87	0.00050	1	1
main	raw	uniform	personal	tau_b	291	0.2786	0.1114	0.3580	0.4667	0.2875	0.1449	0.1281	-0.1565	0.1673	0.1431	0.1920	0.6789	0.5931	0.7670	0.4707	0.7130	-0.0084	-0.0289	0.0123	0.4350	0.4055	0.4641	2.2150	13.13	0.00050	1	1
main	raw	uniform	personal	top1	291	0.4545	0.3521	0.5133	0.6097	0.4741	0.3715	0.3648	-0.1242	0.1025	0.0793	0.1259	0.6358	0.5029	0.7869	0.3970	0.7577	-0.0196	-0.0419	0.0025	0.5789	0.5486	0.6094	1.2478	8.60	0.00050	1	1
main	raw	uniform	personal	pair	291	0.6495	0.5597	0.6917	0.7504	0.6545	0.5770	0.5691	-0.0838	0.0897	0.0763	0.1036	0.6800	0.5929	0.7681	0.4701	0.7179	-0.0050	-0.0159	0.0065	0.7329	0.7159	0.7498	1.1413	12.93	0.00050	1	1
main	raw	uniform	personal	veto	285	0.5805	0.4606	0.6332	0.7590	0.6026	0.4868	0.4799	-0.1694	0.1195	0.0918	0.1468	0.6967	0.5337	0.8625	0.4007	0.8238	-0.0219	-0.0496	0.0050	0.7493	0.7112	0.7883	1.2098	8.47	0.00050	1	1
main	raw	uniform	world	tau_b	966	0.2944	0.1339	0.4093	0.4982	0.2903	0.1469	0.1691	-0.1175	0.1605	0.1471	0.1741	0.5831	0.5381	0.6281	0.4405	0.5681	0.0041	-0.0086	0.0168	0.4119	0.3944	0.4302	1.7459	23.16	0.00050	1	1
main	raw	uniform	world	top1	966	0.4975	0.3897	0.5733	0.6438	0.5029	0.3851	0.4153	-0.0848	0.1081	0.0953	0.1209	0.5887	0.5210	0.6569	0.4253	0.6172	-0.0052	-0.0184	0.0083	0.5825	0.5662	0.5996	1.1992	16.63	0.00050	1	1
main	raw	uniform	world	pair	966	0.6596	0.5721	0.7207	0.7690	0.6576	0.5786	0.5911	-0.0640	0.0876	0.0800	0.0950	0.5891	0.5453	0.6341	0.4446	0.5751	0.0021	-0.0050	0.0094	0.7236	0.7143	0.7331	1.1162	23.08	0.00050	1	1
main	raw	uniform	world	veto	285	0.5805	0.4606	0.6332	0.7590	0.6026	0.4868	0.4799	-0.1694	0.1199	0.0918	0.1472	0.6970	0.5325	0.8628	0.4014	0.8272	-0.0225	-0.0509	0.0052	0.7494	0.7104	0.7882	1.2111	8.42	0.00050	1	1
main	raw	signed	intrinsic	tau_b	966	0.6628	0.6011	0.6563	0.9981	0.6846	0.6584	0.8130	0.6565	0.0619	0.0462	0.0771	1.1299	0.8057	1.5213	0.1559	1.5256	-0.0216	-0.0395	-0.0035	0.0066	-0.0121	0.0245	0.8155	7.84	0.00050	1	1
main	raw	signed	intrinsic	top1	966	0.7037	0.6636	0.6976	0.9989	0.7277	0.7056	0.8336	0.6981	0.0399	0.0220	0.0569	1.2399	0.6156	2.1945	0.1191	2.0100	-0.0242	-0.0458	-0.0029	0.0054	-0.0159	0.0258	0.8440	4.32	0.00050	1	1
main	raw	signed	intrinsic	pair	966	0.8314	0.8005	0.8282	0.9990	0.8423	0.8292	0.9065	0.8282	0.0309	0.0234	0.0384	1.1332	0.8315	1.5032	0.1557	1.5379	-0.0110	-0.0202	-0.0017	0.0034	-0.0051	0.0118	0.9173	8.01	0.00050	1	1
main	raw	signed	personal	tau_b	291	0.2786	0.2680	0.3953	0.5166	0.2901	0.2853	0.3326	-0.1566	0.0104	-0.0088	0.0308	0.0831	-0.0714	0.2448	0.0422	0.1759	-0.0117	-0.0330	0.0101	0.4351	0.4036	0.4669	0.8368	1.03	0.30300	0	1
main	raw	signed	personal	top1	291	0.4545	0.4553	0.5451	0.6419	0.4740	0.4762	0.4984	-0.1245	-0.0008	-0.0228	0.0206	-0.0092	-0.2768	0.2378	-0.0043	0.2088	-0.0192	-0.0418	0.0024	0.5788	0.5475	0.6095	0.9124	0.07	0.94700	0	1
main	raw	signed	personal	pair	291	0.6495	0.6439	0.7126	0.7770	0.6558	0.6539	0.6783	-0.0839	0.0056	-0.0050	0.0165	0.0817	-0.0731	0.2465	0.0420	0.1730	-0.0062	-0.0175	0.0053	0.7332	0.7159	0.7493	0.9577	1.00	0.32000	0	1
main	raw	signed	personal	veto	285	0.5805	0.5875	0.6691	0.8120	0.5974	0.5933	0.6443	-0.1690	-0.0068	-0.0333	0.0201	-0.0860	-0.4278	0.2336	-0.0305	0.1260	-0.0168	-0.0476	0.0125	0.7494	0.7096	0.7870	0.9014	0.51	0.62600	0	1
main	raw	signed	world	tau_b	966	0.2944	0.2786	0.4374	0.5401	0.2911	0.2926	0.3445	-0.1174	0.0158	0.0044	0.0271	0.0996	0.0276	0.1709	0.0603	0.0807	0.0030	-0.0099	0.0159	0.4121	0.3939	0.4287	0.8546	2.68	0.00700	1	1
main	raw	signed	world	top1	966	0.4975	0.4824	0.5994	0.6746	0.5045	0.4895	0.5334	-0.0848	0.0151	0.0026	0.0263	0.1295	0.0227	0.2280	0.0787	0.1908	-0.0071	-0.0205	0.0052	0.5824	0.5660	0.5983	0.9324	2.50	0.01300	1	1
main	raw	signed	world	pair	966	0.6596	0.6511	0.7358	0.7917	0.6580	0.6590	0.6865	-0.0640	0.0085	0.0024	0.0151	0.1007	0.0281	0.1785	0.0606	0.0825	0.0015	-0.0057	0.0085	0.7237	0.7142	0.7334	0.9608	2.68	0.00800	1	1
main	raw	signed	world	veto	285	0.5805	0.5875	0.6691	0.8120	0.5974	0.5933	0.6443	-0.1694	-0.0075	-0.0342	0.0184	-0.0949	-0.4485	0.2303	-0.0336	0.1258	-0.0173	-0.0454	0.0118	0.7494	0.7114	0.7871	0.9005	0.55	0.60500	0	1
main	z	uniform	intrinsic	tau_b	966	0.6353	0.4285	0.6367	0.9713	0.6783	0.4865	0.5302	0.6275	0.2065	0.1883	0.2239	0.9926	0.9123	1.0777	0.3804	1.2013	-0.0433	-0.0604	-0.0254	0.0075	-0.0097	0.0251	1.1973	22.01	0.00050	1	1
main	z	uniform	intrinsic	top1	966	0.6880	0.5236	0.6837	0.9798	0.7229	0.5580	0.5867	0.6808	0.1640	0.1440	0.1844	1.0298	0.8941	1.1838	0.3597	1.2511	-0.0352	-0.0568	-0.0128	0.0073	-0.0150	0.0288	1.1717	15.95	0.00050	1	1
main	z	uniform	intrinsic	pair	966	0.8177	0.7142	0.8184	0.9856	0.8392	0.7432	0.7651	0.8138	0.1033	0.0940	0.1124	0.9947	0.9122	1.0826	0.3808	1.2009	-0.0214	-0.0300	-0.0126	0.0039	-0.0050	0.0130	1.0685	22.51	0.00050	1	1
main	z	uniform	personal	tau_b	291	0.2713	0.1152	0.3591	0.4646	0.2795	0.1457	0.1378	-0.1565	0.1562	0.1320	0.1798	0.6407	0.5490	0.7298	0.4468	0.6748	-0.0084	-0.0305	0.0132	0.4274	0.3946	0.4584	1.9997	12.78	0.00050	1	1
main	z	uniform	personal	top1	291	0.4532	0.3486	0.5145	0.6099	0.4684	0.3655	0.3539	-0.1239	0.1046	0.0809	0.1270	0.6318	0.4947	0.7751	0.4005	0.7222	-0.0149	-0.0377	0.0088	0.5771	0.5444	0.6071	1.2818	8.77	0.00050	1	1
main	z	uniform	personal	pair	291	0.6456	0.5613	0.6920	0.7491	0.6496	0.5771	0.5735	-0.0839	0.0841	0.0711	0.0972	0.6458	0.5538	0.7389	0.4480	0.6756	-0.0039	-0.0165	0.0080	0.7293	0.7128	0.7465	1.1257	12.62	0.00050	1	1
main	z	uniform	personal	veto	285	0.5765	0.4600	0.6295	0.7528	0.5933	0.4852	0.4839	-0.1697	0.1162	0.0873	0.1454	0.6912	0.5294	0.8528	0.3978	0.7909	-0.0167	-0.0453	0.0132	0.7464	0.7080	0.7853	1.1919	8.02	0.00050	1	1
main	z	uniform	world	tau_b	966	0.2914	0.1399	0.4081	0.4961	0.2821	0.1534	0.1742	-0.1174	0.1513	0.1387	0.1645	0.5648	0.5192	0.6080	0.4250	0.5299	0.0094	-0.0046	0.0229	0.4090	0.3913	0.4263	1.6740	22.82	0.00050	1	1
main	z	uniform	world	top1	966	0.4986	0.3892	0.5750	0.6444	0.4936	0.3890	0.4104	-0.0850	0.1092	0.0968	0.1226	0.5890	0.5253	0.6577	0.4282	0.5620	0.0050	-0.0084	0.0186	0.5833	0.5666	0.5988	1.2150	16.57	0.00050	1	1
main	z	uniform	world	pair	966	0.6579	0.5753	0.7203	0.7679	0.6528	0.5821	0.5940	-0.0640	0.0825	0.0758	0.0894	0.5694	0.5266	0.6125	0.4284	0.5357	0.0049	-0.0029	0.0121	0.7217	0.7122	0.7308	1.1074	23.49	0.00050	1	1
main	z	uniform	world	veto	285	0.5765	0.4600	0.6295	0.7528	0.5933	0.4852	0.4839	-0.1687	0.1163	0.0883	0.1450	0.6900	0.5284	0.8488	0.3979	0.7911	-0.0170	-0.0469	0.0131	0.7455	0.7095	0.7805	1.1920	8.13	0.00050	1	1
main	z	signed	intrinsic	tau_b	966	0.6353	0.5826	0.6285	0.9986	0.6739	0.6406	0.7983	0.6275	0.0526	0.0371	0.0676	1.1634	0.7925	1.6146	0.1265	2.0165	-0.0385	-0.0557	-0.0212	0.0077	-0.0091	0.0254	0.7956	6.79	0.00050	1	1
main	z	signed	intrinsic	top1	966	0.6880	0.6517	0.6812	0.9993	0.7177	0.6922	0.8253	0.6804	0.0364	0.0168	0.0547	1.3309	0.5741	2.6669	0.1046	2.4398	-0.0296	-0.0510	-0.0069	0.0075	-0.0145	0.0286	0.8337	3.74	0.00050	1	1
main	z	signed	intrinsic	pair	966	0.8177	0.7913	0.8143	0.9993	0.8370	0.8203	0.8992	0.8139	0.0264	0.0184	0.0339	1.1670	0.7899	1.6371	0.1271	2.0153	-0.0191	-0.0283	-0.0105	0.0039	-0.0050	0.0123	0.9095	6.74	0.00050	1	1
main	z	signed	personal	tau_b	291	0.2713	0.2555	0.3985	0.5205	0.2772	0.2748	0.3123	-0.1565	0.0162	-0.0063	0.0376	0.1136	-0.0444	0.2664	0.0611	0.1529	-0.0055	-0.0272	0.0164	0.4279	0.3954	0.4578	0.8697	1.45	0.14100	0	1
main	z	signed	personal	top1	291	0.4532	0.4456	0.5488	0.6461	0.4714	0.4623	0.4736	-0.1244	0.0076	-0.0158	0.0309	0.0729	-0.1612	0.2924	0.0376	0.2556	-0.0184	-0.0415	0.0047	0.5778	0.5462	0.6070	0.9574	0.65	0.51900	0	1
main	z	signed	personal	pair	291	0.6456	0.6369	0.7135	0.7791	0.6485	0.6478	0.6668	-0.0839	0.0087	-0.0030	0.0200	0.1131	-0.0400	0.2644	0.0608	0.1520	-0.0029	-0.0145	0.0097	0.7292	0.7116	0.7465	0.9683	1.45	0.14600	0	1
main	z	signed	personal	veto	285	0.5765	0.5781	0.6711	0.8110	0.5869	0.5834	0.6328	-0.1698	-0.0012	-0.0279	0.0260	-0.0161	-0.3313	0.2740	-0.0055	0.0991	-0.0102	-0.0388	0.0197	0.7462	0.7112	0.7821	0.9123	0.09	0.92900	0	1
main	z	signed	world	tau_b	966	0.2914	0.2657	0.4384	0.5418	0.2817	0.2879	0.3248	-0.1174	0.0257	0.0140	0.0368	0.1487	0.0811	0.2156	0.0929	0.0926	0.0097	-0.0031	0.0228	0.4087	0.3914	0.4263	0.8975	4.39	0.00050	1	1
main	z	signed	world	top1	966	0.4986	0.4735	0.6030	0.6781	0.4923	0.4861	0.5165	-0.0849	0.0252	0.0138	0.0369	0.1954	0.1058	0.2848	0.1234	0.1443	0.0066	-0.0063	0.0200	0.5837	0.5673	0.6001	0.9655	4.27	0.00050	1	1
main	z	signed	world	pair	966	0.6579	0.6440	0.7364	0.7925	0.6528	0.6562	0.6757	-0.0641	0.0138	0.0071	0.0203	0.1498	0.0759	0.2189	0.0930	0.0955	0.0050	-0.0026	0.0123	0.7219	0.7124	0.7314	0.9736	4.14	0.00050	1	1
main	z	signed	world	veto	285	0.5765	0.5781	0.6711	0.8110	0.5869	0.5834	0.6328	-0.1694	-0.0016	-0.0298	0.0248	-0.0196	-0.3405	0.2740	-0.0070	0.0953	-0.0102	-0.0405	0.0195	0.7460	0.7080	0.7838	0.9111	0.11	0.91500	0	1
phi	raw	uniform	intrinsic	tau_b	966	0.5491	0.4119	0.5659	0.9301	0.5949	0.4773	0.5086	0.5458	0.1372	0.1193	0.1549	0.8928	0.7710	1.0215	0.2646	1.1928	-0.0460	-0.0658	-0.0261	0.0031	-0.0191	0.0245	1.0800	14.88	0.00050	1	1
phi	raw	uniform	intrinsic	top1	966	0.5841	0.4904	0.6057	0.9404	0.6273	0.5365	0.5424	0.6015	0.0939	0.0745	0.1132	0.8185	0.6511	1.0174	0.2086	1.1993	-0.0435	-0.0670	-0.0205	-0.0173	-0.0412	0.0062	1.0780	9.35	0.00050	1	1
phi	raw	uniform	intrinsic	pair	966	0.7746	0.7059	0.7830	0.9650	0.7974	0.7386	0.7543	0.7731	0.0687	0.0601	0.0779	0.8926	0.7791	1.0252	0.2651	1.1904	-0.0229	-0.0327	-0.0125	0.0014	-0.0089	0.0127	1.0270	15.31	0.00050	1	1
phi	raw	uniform	personal	tau_b	291	0.2575	0.1681	0.3604	0.4643	0.2625	0.1845	0.1991	-0.1565	0.0889	0.0670	0.1118	0.4649	0.3505	0.5831	0.3006	0.4906	-0.0050	-0.0300	0.0214	0.4135	0.3775	0.4472	1.2953	7.75	0.00050	1	1
phi	raw	uniform	personal	top1	291	0.4284	0.3828	0.5101	0.5977	0.4489	0.3842	0.4030	-0.1243	0.0455	0.0219	0.0694	0.3607	0.1789	0.5411	0.2122	0.5243	-0.0207	-0.0465	0.0055	0.5521	0.5188	0.5822	1.0626	3.84	0.00050	1	1
phi	raw	uniform	personal	pair	291	0.6388	0.5918	0.6937	0.7497	0.6420	0.6002	0.6085	-0.0839	0.0472	0.0357	0.0585	0.4637	0.3517	0.5778	0.2983	0.4942	-0.0031	-0.0160	0.0097	0.7227	0.7046	0.7411	1.0499	8.03	0.00050	1	1
phi	raw	uniform	personal	veto	285	0.5997	0.5256	0.6660	0.7795	0.5937	0.5395	0.5395	-0.1693	0.0741	0.0472	0.1014	0.5307	0.3459	0.7426	0.2917	0.4909	0.0056	-0.0271	0.0382	0.7683	0.7287	0.8059	1.1125	5.27	0.00050	1	1
phi	raw	uniform	world	tau_b	966	0.2992	0.1891	0.4177	0.5016	0.2916	0.2036	0.2193	-0.1175	0.1100	0.0971	0.1228	0.4815	0.4298	0.5336	0.3520	0.4495	0.0073	-0.0075	0.0215	0.4166	0.3985	0.4341	1.3655	16.89	0.00050	1	1
phi	raw	uniform	world	top1	966	0.4855	0.4178	0.5809	0.6490	0.4923	0.4202	0.4383	-0.0849	0.0677	0.0546	0.0805	0.4158	0.3359	0.4924	0.2930	0.4558	-0.0065	-0.0224	0.0088	0.5704	0.5537	0.5862	1.1080	10.09	0.00050	1	1
phi	raw	uniform	world	pair	966	0.6623	0.6029	0.7255	0.7710	0.6584	0.6106	0.6194	-0.0640	0.0595	0.0526	0.0666	0.4851	0.4310	0.5392	0.3538	0.4532	0.0039	-0.0039	0.0122	0.7264	0.7171	0.7359	1.0697	16.64	0.00050	1	1
phi	raw	uniform	world	veto	285	0.5997	0.5256	0.6660	0.7795	0.5937	0.5395	0.5395	-0.1697	0.0745	0.0478	0.1018	0.5336	0.3462	0.7438	0.2928	0.4884	0.0064	-0.0268	0.0399	0.7694	0.7295	0.8059	1.1134	5.28	0.00050	1	1
phi	raw	signed	intrinsic	tau_b	966	0.5491	0.5009	0.5480	0.9966	0.5915	0.5807	0.7562	0.5461	0.0481	0.0309	0.0666	1.0499	0.6176	1.6430	0.0971	1.9836	-0.0425	-0.0625	-0.0226	0.0029	-0.0191	0.0245	0.7261	5.23	0.00050	1	1
phi	raw	signed	intrinsic	top1	966	0.5841	0.5725	0.6021	0.9989	0.6275	0.6328	0.7769	0.6014	0.0121	-0.0083	0.0316	0.3968	-0.3586	1.4218	0.0284	1.8850	-0.0428	-0.0654	-0.0208	-0.0167	-0.0412	0.0078	0.7527	1.18	0.23800	0	1
phi	raw	signed	intrinsic	pair	966	0.7746	0.7504	0.7740	0.9983	0.7958	0.7904	0.8781	0.7733	0.0241	0.0149	0.0329	1.0441	0.6115	1.6192	0.0973	1.9681	-0.0211	-0.0314	-0.0115	0.0013	-0.0096	0.0123	0.8821	5.09	0.00050	1	1
phi	raw	signed	personal	tau_b	291	0.2575	0.2102	0.3884	0.5127	0.2625	0.2582	0.2686	-0.1564	0.0469	0.0211	0.0717	0.2630	0.1225	0.4060	0.1547	0.2909	-0.0050	-0.0315	0.0208	0.4131	0.3789	0.4454	0.9591	3.57	0.00050	1	1
phi	raw	signed	personal	top1	291	0.4284	0.4037	0.5474	0.6455	0.4501	0.4275	0.4305	-0.1242	0.0248	-0.0004	0.0496	0.1740	-0.0028	0.3499	0.1028	0.3263	-0.0218	-0.0489	0.0036	0.5528	0.5207	0.5845	0.9955	1.94	0.05600	0	1
phi	raw	signed	personal	pair	291	0.6388	0.6136	0.7100	0.7753	0.6421	0.6393	0.6453	-0.0838	0.0249	0.0109	0.0394	0.2591	0.1139	0.4055	0.1540	0.2951	-0.0035	-0.0174	0.0104	0.7225	0.7042	0.7403	0.9894	3.52	0.00050	1	1
phi	raw	signed	personal	veto	285	0.5997	0.5614	0.6751	0.8133	0.5921	0.5892	0.6074	-0.1696	0.0378	0.0109	0.0645	0.3385	0.0933	0.6136	0.1503	0.2744	0.0072	-0.0243	0.0400	0.7687	0.7270	0.8100	0.9870	2.68	0.00700	1	1
phi	raw	signed	world	tau_b	966	0.2992	0.2313	0.4377	0.5383	0.2894	0.2857	0.3044	-0.1173	0.0679	0.0540	0.0816	0.3289	0.2647	0.3942	0.2211	0.2822	0.0097	-0.0045	0.0237	0.4166	0.3991	0.4339	0.9832	9.71	0.00050	1	1
phi	raw	signed	world	top1	966	0.4855	0.4392	0.6051	0.6811	0.4897	0.4742	0.4888	-0.0847	0.0464	0.0329	0.0608	0.2795	0.1981	0.3631	0.1916	0.3050	-0.0042	-0.0196	0.0108	0.5703	0.5532	0.5877	0.9932	6.61	0.00050	1	1
phi	raw	signed	world	pair	966	0.6623	0.6256	0.7364	0.7908	0.6573	0.6552	0.6650	-0.0640	0.0368	0.0294	0.0442	0.3324	0.2674	0.4004	0.2229	0.2871	0.0050	-0.0029	0.0134	0.7265	0.7170	0.7357	0.9962	9.67	0.00050	1	1
phi	raw	signed	world	veto	285	0.5997	0.5614	0.6751	0.8133	0.5921	0.5892	0.6074	-0.1696	0.0385	0.0114	0.0650	0.3451	0.0986	0.6050	0.1531	0.2739	0.0079	-0.0229	0.0391	0.7699	0.7284	0.8092	0.9879	2.84	0.00600	1	1
phi	z	uniform	intrinsic	tau_b	966	0.5870	0.4526	0.5852	0.9458	0.6339	0.4803	0.5393	0.5687	0.1345	0.1192	0.1501	1.0157	0.8945	1.1498	0.2726	1.3702	-0.0468	-0.0624	-0.0304	0.0182	0.0000	0.0371	1.0888	17.12	0.00050	1	1
phi	z	uniform	intrinsic	top1	966	0.5999	0.4957	0.5924	0.9430	0.6492	0.5353	0.5386	0.5876	0.1042	0.0846	0.1244	1.0836	0.8511	1.3807	0.2330	1.6003	-0.0496	-0.0716	-0.0275	0.0122	-0.0123	0.0368	1.1136	10.35	0.00050	1	1
phi	z	uniform	intrinsic	pair	966	0.7935	0.7263	0.7926	0.9729	0.8169	0.7402	0.7697	0.7842	0.0671	0.0594	0.0753	1.0177	0.8990	1.1502	0.2722	1.3721	-0.0233	-0.0316	-0.0153	0.0093	-0.0001	0.0183	1.0311	16.61	0.00050	1	1
phi	z	uniform	personal	tau_b	291	0.2607	0.1723	0.3629	0.4642	0.2716	0.1668	0.2026	-0.1565	0.0881	0.0691	0.1079	0.4642	0.3671	0.5676	0.3022	0.5221	-0.0111	-0.0342	0.0118	0.4170	0.3850	0.4479	1.2875	8.88	0.00050	1	1
phi	z	uniform	personal	top1	291	0.4301	0.3769	0.5097	0.5958	0.4502	0.3725	0.3863	-0.1240	0.0532	0.0317	0.0765	0.4020	0.2411	0.5741	0.2430	0.5553	-0.0203	-0.0464	0.0060	0.5543	0.5220	0.5859	1.1138	4.63	0.00050	1	1
phi	z	uniform	personal	pair	291	0.6399	0.5933	0.6949	0.7493	0.6460	0.5895	0.6096	-0.0838	0.0466	0.0363	0.0574	0.4595	0.3571	0.5653	0.2990	0.5185	-0.0060	-0.0180	0.0062	0.7236	0.7067	0.7411	1.0500	8.68	0.00050	1	1
phi	z	uniform	personal	veto	285	0.6148	0.5320	0.6635	0.7767	0.6037	0.5262	0.5626	-0.1698	0.0827	0.0571	0.1080	0.6334	0.4423	0.8505	0.3375	0.5519	0.0108	-0.0194	0.0432	0.7839	0.7442	0.8216	1.0935	6.47	0.00050	1	1
phi	z	uniform	world	tau_b	966	0.3029	0.1932	0.4167	0.5009	0.2921	0.1871	0.2250	-0.1176	0.1098	0.0983	0.1219	0.4915	0.4447	0.5400	0.3567	0.4432	0.0108	-0.0032	0.0244	0.4204	0.4043	0.4366	1.3486	18.29	0.00050	1	1
phi	z	uniform	world	top1	966	0.4841	0.4110	0.5824	0.6485	0.4804	0.4042	0.4299	-0.0847	0.0732	0.0603	0.0869	0.4270	0.3558	0.5017	0.3081	0.4050	0.0038	-0.0112	0.0189	0.5690	0.5517	0.5859	1.1267	10.96	0.00050	1	1
phi	z	uniform	world	pair	966	0.6641	0.6047	0.7249	0.7706	0.6582	0.6011	0.6219	-0.0640	0.0592	0.0530	0.0658	0.4930	0.4431	0.5439	0.3572	0.4459	0.0057	-0.0016	0.0128	0.7280	0.7190	0.7371	1.0678	18.21	0.00050	1	1
phi	z	uniform	world	veto	285	0.6148	0.5320	0.6635	0.7767	0.6037	0.5262	0.5626	-0.1696	0.0826	0.0581	0.1077	0.6321	0.4541	0.8303	0.3371	0.5474	0.0112	-0.0178	0.0410	0.7845	0.7476	0.8206	1.0927	6.52	0.00050	1	1
phi	z	signed	intrinsic	tau_b	966	0.5870	0.5265	0.5697	0.9986	0.6382	0.6143	0.7658	0.5684	0.0606	0.0456	0.0757	1.4416	1.0000	2.0726	0.1283	2.6725	-0.0514	-0.0669	-0.0349	0.0187	0.0009	0.0365	0.7668	7.90	0.00050	1	1
phi	z	signed	intrinsic	top1	966	0.5999	0.5770	0.5877	0.9996	0.6476	0.6352	0.7683	0.5878	0.0229	0.0030	0.0426	-0.0501	-14.5988	14.5192	0.0543	0.7251	-0.0480	-0.0709	-0.0253	0.0123	-0.0120	0.0369	0.7807	2.29	0.02900	1	0
phi	z	signed	intrinsic	pair	966	0.7935	0.7633	0.7849	0.9993	0.8191	0.8071	0.8829	0.7843	0.0303	0.0222	0.0381	1.4357	0.9697	2.0763	0.1284	2.6489	-0.0255	-0.0342	-0.0172	0.0092	-0.0002	0.0185	0.8988	7.62	0.00050	1	1
phi	z	signed	personal	tau_b	291	0.2607	0.2125	0.3901	0.5163	0.2710	0.2486	0.2748	-0.1566	0.0482	0.0228	0.0722	0.2720	0.1300	0.4103	0.1585	0.3310	-0.0104	-0.0339	0.0127	0.4173	0.3860	0.4492	0.9497	3.83	0.00050	1	1
phi	z	signed	personal	top1	291	0.4301	0.4030	0.5488	0.6460	0.4537	0.4242	0.4339	-0.1243	0.0266	0.0017	0.0521	0.1836	0.0112	0.3600	0.1095	0.3467	-0.0236	-0.0489	0.0024	0.5539	0.5215	0.5861	0.9912	2.03	0.03500	1	1
phi	z	signed	personal	pair	291	0.6399	0.6145	0.7095	0.7769	0.6457	0.6341	0.6482	-0.0838	0.0254	0.0119	0.0387	0.2679	0.1284	0.4119	0.1562	0.3300	-0.0058	-0.0181	0.0069	0.7239	0.7068	0.7406	0.9872	3.68	0.00050	1	1
phi	z	signed	personal	veto	285	0.6148	0.5675	0.6700	0.8115	0.5990	0.5843	0.6295	-0.1696	0.0474	0.0213	0.0721	0.4691	0.2076	0.7412	0.1942	0.3126	0.0160	-0.0143	0.0453	0.7844	0.7483	0.8216	0.9774	3.73	0.00100	1	1
phi	z	signed	world	tau_b	966	0.3029	0.2355	0.4383	0.5416	0.2937	0.2876	0.3107	-0.1175	0.0673	0.0541	0.0803	0.3323	0.2677	0.3941	0.2200	0.2872	0.0092	-0.0041	0.0232	0.4203	0.4030	0.4367	0.9751	10.05	0.00050	1	1
phi	z	signed	world	top1	966	0.4841	0.4369	0.6058	0.6815	0.4847	0.4712	0.4841	-0.0850	0.0471	0.0323	0.0609	0.2789	0.1952	0.3591	0.1924	0.2830	-0.0007	-0.0160	0.0149	0.5689	0.5519	0.5861	0.9998	6.58	0.00050	1	1
phi	z	signed	world	pair	966	0.6641	0.6277	0.7363	0.7924	0.6590	0.6560	0.6684	-0.0641	0.0363	0.0292	0.0429	0.3346	0.2719	0.3959	0.2204	0.2880	0.0051	-0.0022	0.0126	0.7281	0.7188	0.7372	0.9936	10.34	0.00050	1	1
phi	z	signed	world	veto	285	0.6148	0.5675	0.6700	0.8115	0.5990	0.5843	0.6295	-0.1697	0.0472	0.0208	0.0727	0.4665	0.2053	0.7529	0.1933	0.3112	0.0160	-0.0132	0.0468	0.7841	0.7476	0.8210	0.9771	3.66	0.00050	1	1
qwen3b	raw	uniform	intrinsic	tau_b	966	0.5724	0.4320	0.6042	0.9707	0.6076	0.4746	0.5908	0.5992	0.1402	0.1214	0.1588	0.8135	0.7081	0.9198	0.2601	1.0189	-0.0353	-0.0553	-0.0141	-0.0273	-0.0473	-0.0074	0.9687	14.96	0.00050	1	1
qwen3b	raw	uniform	intrinsic	top1	966	0.6612	0.5519	0.6898	0.9859	0.6963	0.5726	0.6708	0.6858	0.1091	0.0879	0.1309	0.7938	0.6357	0.9624	0.2513	1.0526	-0.0355	-0.0611	-0.0105	-0.0250	-0.0496	-0.0004	0.9859	9.99	0.00050	1	1
qwen3b	raw	uniform	intrinsic	pair	966	0.7862	0.7160	0.8021	0.9854	0.8038	0.7373	0.7954	0.7996	0.0702	0.0612	0.0790	0.8169	0.7114	0.9283	0.2605	1.0220	-0.0176	-0.0278	-0.0072	-0.0133	-0.0232	-0.0032	0.9884	14.88	0.00050	1	1
qwen3b	raw	uniform	personal	tau_b	291	0.2912	0.1869	0.3803	0.5010	0.2991	0.2016	0.2382	-0.1564	0.1046	0.0812	0.1278	0.5405	0.4318	0.6439	0.3326	0.5840	-0.0084	-0.0345	0.0193	0.4478	0.4194	0.4767	1.2258	8.86	0.00050	1	1
qwen3b	raw	uniform	personal	top1	291	0.4812	0.4042	0.5398	0.6322	0.4940	0.4065	0.4342	-0.1242	0.0769	0.0533	0.1009	0.5702	0.3946	0.7633	0.3380	0.6658	-0.0130	-0.0422	0.0149	0.6054	0.5749	0.6337	1.1083	6.24	0.00050	1	1
qwen3b	raw	uniform	personal	pair	291	0.6570	0.6011	0.7051	0.7689	0.6611	0.6090	0.6284	-0.0838	0.0558	0.0437	0.0689	0.5379	0.4309	0.6502	0.3326	0.5778	-0.0042	-0.0177	0.0102	0.7406	0.7243	0.7558	1.0454	8.74	0.00050	1	1
qwen3b	raw	uniform	personal	veto	285	0.5798	0.5261	0.6730	0.8114	0.6085	0.5608	0.5640	-0.1695	0.0534	0.0249	0.0812	0.3657	0.1737	0.5584	0.1872	0.5648	-0.0290	-0.0630	0.0042	0.7491	0.7112	0.7876	1.0273	3.70	0.00200	1	1
qwen3b	raw	uniform	world	tau_b	966	0.3094	0.2102	0.4340	0.5304	0.3213	0.2002	0.2667	-0.1174	0.0992	0.0858	0.1120	0.4433	0.3878	0.4979	0.3098	0.4961	-0.0118	-0.0259	0.0027	0.4271	0.4102	0.4440	1.1597	14.63	0.00050	1	1
qwen3b	raw	uniform	world	top1	966	0.5113	0.4416	0.5978	0.6716	0.5270	0.4201	0.4840	-0.0848	0.0697	0.0568	0.0824	0.4463	0.3637	0.5292	0.3032	0.5463	-0.0156	-0.0312	-0.0005	0.5962	0.5790	0.6123	1.0567	10.61	0.00050	1	1
qwen3b	raw	uniform	world	pair	966	0.6675	0.6142	0.7345	0.7866	0.6744	0.6085	0.6443	-0.0640	0.0533	0.0458	0.0604	0.4428	0.3837	0.5009	0.3091	0.4992	-0.0068	-0.0153	0.0015	0.7315	0.7221	0.7408	1.0359	14.17	0.00050	1	1
qwen3b	raw	uniform	world	veto	285	0.5798	0.5261	0.6730	0.8114	0.6085	0.5608	0.5640	-0.1692	0.0540	0.0269	0.0812	0.3689	0.1843	0.5680	0.1892	0.5640	-0.0286	-0.0627	0.0049	0.7491	0.7100	0.7866	1.0289	3.84	0.00050	1	1
qwen3b	raw	signed	intrinsic	tau_b	966	0.5724	0.5152	0.6002	0.9967	0.6062	0.6086	0.7839	0.5993	0.0573	0.0392	0.0750	0.6752	0.4636	0.8919	0.1190	1.0752	-0.0338	-0.0541	-0.0127	-0.0268	-0.0469	-0.0074	0.7304	6.31	0.00050	1	1
qwen3b	raw	signed	intrinsic	top1	966	0.6612	0.6126	0.6866	0.9990	0.6939	0.6754	0.8267	0.6862	0.0488	0.0268	0.0700	0.6650	0.3717	0.9803	0.1264	1.1080	-0.0323	-0.0576	-0.0071	-0.0246	-0.0492	-0.0007	0.8002	4.52	0.00050	1	1
qwen3b	raw	signed	intrinsic	pair	966	0.7862	0.7576	0.8001	0.9984	0.8031	0.8043	0.8919	0.7997	0.0287	0.0195	0.0375	0.6754	0.4560	0.9132	0.1190	1.0744	-0.0169	-0.0277	-0.0061	-0.0134	-0.0243	-0.0028	0.8815	6.09	0.00050	1	1
qwen3b	raw	signed	personal	tau_b	291	0.2912	0.2504	0.3948	0.5266	0.2997	0.2718	0.3303	-0.1565	0.0406	0.0178	0.0634	0.2809	0.1246	0.4336	0.1466	0.3426	-0.0087	-0.0356	0.0191	0.4474	0.4170	0.4751	0.8812	3.46	0.00200	1	1
qwen3b	raw	signed	personal	top1	291	0.4812	0.4460	0.5486	0.6546	0.4956	0.4572	0.4994	-0.1240	0.0355	0.0110	0.0591	0.3468	0.1096	0.5836	0.1697	0.4880	-0.0144	-0.0430	0.0144	0.6054	0.5771	0.6333	0.9641	2.96	0.00300	1	1
qwen3b	raw	signed	personal	pair	291	0.6570	0.6352	0.7120	0.7827	0.6613	0.6475	0.6778	-0.0839	0.0219	0.0095	0.0334	0.2860	0.1282	0.4416	0.1484	0.3413	-0.0041	-0.0184	0.0104	0.7411	0.7256	0.7571	0.9696	3.55	0.00050	1	1
qwen3b	raw	signed	personal	veto	285	0.5798	0.5673	0.6716	0.8197	0.6145	0.5880	0.6328	-0.1695	0.0124	-0.0166	0.0426	0.1193	-0.1697	0.4061	0.0490	0.4573	-0.0346	-0.0690	-0.0014	0.7496	0.7111	0.7872	0.9163	0.84	0.39300	0	1
qwen3b	raw	signed	world	tau_b	966	0.3094	0.2649	0.4401	0.5446	0.3214	0.2957	0.3485	-0.1175	0.0445	0.0318	0.0579	0.2541	0.1820	0.3284	0.1592	0.3225	-0.0120	-0.0262	0.0029	0.4270	0.4111	0.4436	0.8881	6.74	0.00050	1	1
qwen3b	raw	signed	world	top1	966	0.5113	0.4779	0.6065	0.6838	0.5255	0.4903	0.5395	-0.0847	0.0332	0.0204	0.0459	0.2584	0.1555	0.3604	0.1612	0.3697	-0.0143	-0.0298	0.0020	0.5959	0.5789	0.6122	0.9473	5.06	0.00050	1	1
qwen3b	raw	signed	world	pair	966	0.6675	0.6436	0.7376	0.7941	0.6743	0.6603	0.6888	-0.0640	0.0239	0.0168	0.0308	0.2541	0.1804	0.3272	0.1587	0.3262	-0.0068	-0.0149	0.0018	0.7314	0.7223	0.7404	0.9692	6.61	0.00050	1	1
qwen3b	raw	signed	world	veto	285	0.5798	0.5673	0.6716	0.8197	0.6145	0.5880	0.6328	-0.1697	0.0126	-0.0169	0.0417	0.1196	-0.1761	0.3970	0.0493	0.4597	-0.0348	-0.0693	-0.0019	0.7498	0.7128	0.7861	0.9167	0.83	0.40700	0	1
qwen3b	z	uniform	intrinsic	tau_b	966	0.5264	0.3970	0.5507	0.9713	0.5953	0.4357	0.5228	0.5405	0.1295	0.1101	0.1474	0.8444	0.7284	0.9727	0.2255	1.2937	-0.0688	-0.0890	-0.0497	-0.0140	-0.0337	0.0066	1.0073	13.90	0.00050	1	1
qwen3b	z	uniform	intrinsic	top1	966	0.6196	0.5364	0.6343	0.9869	0.6875	0.5508	0.6323	0.6299	0.0830	0.0629	0.1025	0.8526	0.6340	1.1181	0.1842	1.5573	-0.0685	-0.0921	-0.0439	-0.0108	-0.0356	0.0143	0.9794	8.14	0.00050	1	1
qwen3b	z	uniform	intrinsic	pair	966	0.7632	0.6985	0.7753	0.9857	0.7977	0.7179	0.7614	0.7703	0.0648	0.0558	0.0736	0.8441	0.7268	0.9676	0.2257	1.2920	-0.0343	-0.0440	-0.0244	-0.0070	-0.0170	0.0033	1.0025	14.40	0.00050	1	1
qwen3b	z	uniform	personal	tau_b	291	0.2991	0.1764	0.3817	0.5018	0.2950	0.1969	0.2204	-0.1565	0.1231	0.0996	0.1478	0.6001	0.4955	0.7076	0.3781	0.5797	0.0042	-0.0222	0.0303	0.4559	0.4269	0.4848	1.3637	10.16	0.00050	1	1
qwen3b	z	uniform	personal	top1	291	0.4885	0.4032	0.5422	0.6351	0.4969	0.3903	0.4243	-0.1244	0.0849	0.0626	0.1080	0.6140	0.4542	0.7793	0.3665	0.6744	-0.0084	-0.0348	0.0193	0.6126	0.5833	0.6417	1.1504	7.26	0.00050	1	1
qwen3b	z	uniform	personal	pair	291	0.6608	0.5955	0.7053	0.7696	0.6586	0.6060	0.6189	-0.0838	0.0653	0.0529	0.0781	0.5958	0.4932	0.6946	0.3751	0.5744	0.0024	-0.0114	0.0163	0.7445	0.7281	0.7603	1.0679	10.16	0.00050	1	1
qwen3b	z	uniform	personal	veto	285	0.5907	0.5031	0.6697	0.8048	0.5990	0.5438	0.5303	-0.1699	0.0881	0.0577	0.1168	0.5314	0.3558	0.7166	0.2917	0.5787	-0.0076	-0.0437	0.0275	0.7609	0.7247	0.7963	1.1157	5.80	0.00050	1	1
qwen3b	z	uniform	world	tau_b	966	0.3111	0.2032	0.4327	0.5304	0.3102	0.1996	0.2574	-0.1175	0.1079	0.0953	0.1210	0.4705	0.4172	0.5252	0.3299	0.4663	0.0010	-0.0137	0.0157	0.4289	0.4115	0.4452	1.2096	16.56	0.00050	1	1
qwen3b	z	uniform	world	top1	966	0.5136	0.4411	0.5981	0.6703	0.5250	0.4262	0.4777	-0.0850	0.0725	0.0591	0.0854	0.4625	0.3791	0.5416	0.3164	0.5349	-0.0113	-0.0277	0.0047	0.5985	0.5825	0.6140	1.0754	10.78	0.00050	1	1
qwen3b	z	uniform	world	pair	966	0.6685	0.6108	0.7336	0.7865	0.6686	0.6082	0.6398	-0.0641	0.0577	0.0510	0.0647	0.4704	0.4170	0.5224	0.3285	0.4701	0.0000	-0.0078	0.0084	0.7326	0.7234	0.7416	1.0448	16.20	0.00050	1	1
qwen3b	z	uniform	world	veto	285	0.5907	0.5031	0.6697	0.8048	0.5990	0.5438	0.5303	-0.1690	0.0877	0.0599	0.1157	0.5279	0.3584	0.7070	0.2907	0.5772	-0.0081	-0.0416	0.0258	0.7599	0.7241	0.7961	1.1137	6.03	0.00050	1	1
qwen3b	z	signed	intrinsic	tau_b	966	0.5264	0.4947	0.5414	0.9982	0.5925	0.5703	0.7509	0.5401	0.0314	0.0131	0.0490	0.6854	0.2889	1.1215	0.0623	2.1589	-0.0668	-0.0873	-0.0475	-0.0142	-0.0349	0.0059	0.7006	3.48	0.00200	1	1
qwen3b	z	signed	intrinsic	top1	966	0.6196	0.6001	0.6301	0.9995	0.6841	0.6475	0.7945	0.6293	0.0197	-0.0004	0.0403	0.3227	-0.0309	1.8662	0.0492	1.3404	-0.0643	-0.0897	-0.0401	-0.0098	-0.0352	0.0150	0.7801	1.90	0.05400	0	1
qwen3b	z	signed	intrinsic	pair	966	0.7632	0.7474	0.7707	0.9991	0.7963	0.7852	0.8754	0.7704	0.0159	0.0069	0.0248	0.6870	0.2889	1.1393	0.0630	2.1325	-0.0331	-0.0432	-0.0229	-0.0071	-0.0175	0.0033	0.8718	3.43	0.00200	1	1
qwen3b	z	signed	personal	tau_b	291	0.2991	0.2304	0.3925	0.5246	0.2965	0.2783	0.3083	-0.1565	0.0686	0.0439	0.0932	0.4227	0.2746	0.5686	0.2327	0.4075	0.0026	-0.0254	0.0302	0.4553	0.4260	0.4833	0.9693	5.32	0.00050	1	1
qwen3b	z	signed	personal	top1	291	0.4885	0.4340	0.5466	0.6501	0.4998	0.4679	0.4942	-0.1240	0.0544	0.0296	0.0789	0.4862	0.2588	0.7099	0.2521	0.5927	-0.0118	-0.0399	0.0153	0.6126	0.5812	0.6426	0.9888	4.38	0.00050	1	1
qwen3b	z	signed	personal	pair	291	0.6608	0.6236	0.7118	0.7817	0.6595	0.6506	0.6653	-0.0837	0.0373	0.0233	0.0506	0.4226	0.2719	0.5663	0.2356	0.4089	0.0013	-0.0135	0.0166	0.7447	0.7288	0.7598	0.9931	5.25	0.00050	1	1
qwen3b	z	signed	personal	veto	285	0.5907	0.5507	0.6741	0.8208	0.5945	0.5941	0.6263	-0.1693	0.0399	0.0068	0.0713	0.3230	0.0582	0.5784	0.1472	0.3539	-0.0037	-0.0390	0.0316	0.7596	0.7226	0.7952	0.9432	2.41	0.01500	1	1
qwen3b	z	signed	world	tau_b	966	0.3111	0.2470	0.4400	0.5465	0.3083	0.2933	0.3409	-0.1174	0.0642	0.0508	0.0779	0.3327	0.2631	0.3982	0.2144	0.3173	0.0030	-0.0117	0.0182	0.4286	0.4130	0.4444	0.9132	9.20	0.00050	1	1
qwen3b	z	signed	world	top1	966	0.5136	0.4669	0.6059	0.6819	0.5235	0.4971	0.5325	-0.0849	0.0467	0.0330	0.0597	0.3373	0.2352	0.4348	0.2176	0.4107	-0.0101	-0.0267	0.0056	0.5987	0.5819	0.6149	0.9648	6.79	0.00050	1	1
qwen3b	z	signed	world	pair	966	0.6685	0.6337	0.7373	0.7952	0.6675	0.6591	0.6844	-0.0641	0.0348	0.0272	0.0420	0.3361	0.2677	0.4026	0.2156	0.3272	0.0009	-0.0074	0.0086	0.7325	0.7236	0.7408	0.9768	9.24	0.00050	1	1
qwen3b	z	signed	world	veto	285	0.5907	0.5507	0.6741	0.8208	0.5945	0.5941	0.6263	-0.1690	0.0401	0.0088	0.0725	0.3242	0.0680	0.5841	0.1480	0.3548	-0.0036	-0.0368	0.0296	0.7599	0.7232	0.7959	0.9438	2.45	0.01500	1	1
v_default	raw	uniform	intrinsic	tau_b	300	0.6496	0.4254	0.6707	0.9724	0.7016	0.4591	0.5116	0.6608	0.2240	0.1899	0.2592	0.9164	0.7902	1.0522	0.4096	1.1302	-0.0521	-0.0860	-0.0189	-0.0112	-0.0462	0.0232	1.2721	12.30	0.00050	1	1
v_default	raw	uniform	intrinsic	top1	300	0.6960	0.5298	0.7033	0.9780	0.7257	0.5503	0.5660	0.7022	0.1661	0.1295	0.2046	0.9612	0.7464	1.2012	0.3703	1.1347	-0.0299	-0.0720	0.0110	-0.0067	-0.0480	0.0323	1.2316	8.77	0.00050	1	1
v_default	raw	uniform	intrinsic	pair	300	0.8248	0.7127	0.8353	0.9862	0.8508	0.7296	0.7558	0.8307	0.1119	0.0941	0.1295	0.9143	0.7835	1.0538	0.4090	1.1298	-0.0263	-0.0431	-0.0087	-0.0059	-0.0234	0.0116	1.0908	12.24	0.00050	1	1
v_default	raw	uniform	personal	tau_b	87	0.2909	0.0989	0.3641	0.4634	0.2909	0.1088	0.1217	-0.1643	0.1916	0.1487	0.2358	0.7254	0.5917	0.8662	0.5260	0.7261	-0.0002	-0.0383	0.0370	0.4554	0.3950	0.5115	2.5938	8.40	0.00050	1	1
v_default	raw	uniform	personal	top1	87	0.4337	0.3365	0.5261	0.6096	0.4662	0.3119	0.3396	-0.1166	0.0971	0.0558	0.1408	0.5198	0.2894	0.7792	0.3571	0.6923	-0.0325	-0.0822	0.0169	0.5516	0.4888	0.6165	1.2802	4.41	0.00050	1	1
v_default	raw	uniform	personal	pair	87	0.6546	0.5525	0.6954	0.7479	0.6556	0.5563	0.5644	-0.0868	0.1020	0.0783	0.1274	0.7148	0.5733	0.8556	0.5213	0.7240	-0.0014	-0.0229	0.0192	0.7417	0.7088	0.7732	1.1600	8.07	0.00050	1	1
v_default	raw	uniform	personal	veto	86	0.5815	0.4532	0.6013	0.7351	0.5986	0.4825	0.4735	-0.1875	0.1291	0.0771	0.1813	0.8850	0.5484	1.2801	0.4566	0.9985	-0.0163	-0.0673	0.0380	0.7701	0.7000	0.8397	1.2341	4.84	0.00050	1	1
v_default	raw	uniform	world	tau_b	300	0.2965	0.1336	0.4113	0.4997	0.3054	0.1279	0.1596	-0.1165	0.1630	0.1384	0.1882	0.5875	0.5108	0.6671	0.4453	0.6178	-0.0084	-0.0336	0.0180	0.4132	0.3830	0.4431	1.8778	12.64	0.00050	1	1
v_default	raw	uniform	world	top1	300	0.4917	0.3849	0.5852	0.6540	0.5111	0.3741	0.3864	-0.0866	0.1067	0.0823	0.1312	0.5343	0.4115	0.6556	0.3969	0.6302	-0.0191	-0.0463	0.0067	0.5786	0.5465	0.6094	1.2737	8.38	0.00050	1	1
v_default	raw	uniform	world	pair	300	0.6610	0.5718	0.7218	0.7700	0.6660	0.5687	0.5859	-0.0635	0.0891	0.0756	0.1027	0.5935	0.5168	0.6724	0.4490	0.6262	-0.0049	-0.0189	0.0096	0.7242	0.7077	0.7407	1.1280	12.64	0.00050	1	1
v_default	raw	uniform	world	veto	86	0.5815	0.4532	0.6013	0.7351	0.5986	0.4825	0.4735	-0.1870	0.1285	0.0780	0.1816	0.8845	0.5641	1.2678	0.4565	0.9935	-0.0161	-0.0652	0.0354	0.7697	0.6987	0.8376	1.2320	4.92	0.00050	1	1
v_default	raw	signed	intrinsic	tau_b	300	0.6496	0.6092	0.6629	0.9976	0.7027	0.6776	0.8196	0.6608	0.0400	0.0099	0.0692	0.7670	0.1935	1.4615	0.1029	1.8067	-0.0534	-0.0862	-0.0196	-0.0118	-0.0453	0.0226	0.7919	2.62	0.00900	1	1
v_default	raw	signed	intrinsic	top1	300	0.6960	0.6704	0.7023	0.9970	0.7327	0.7390	0.8343	0.7023	0.0255	-0.0081	0.0590	1.0624	-0.4856	3.8187	0.0782	2.4403	-0.0370	-0.0780	0.0053	-0.0063	-0.0470	0.0327	0.8342	1.52	0.14000	0	0
v_default	raw	signed	intrinsic	pair	300	0.8248	0.8046	0.8314	0.9988	0.8513	0.8388	0.9098	0.8303	0.0203	0.0051	0.0354	0.7818	0.1952	1.5256	0.1042	1.8068	-0.0263	-0.0437	-0.0089	-0.0056	-0.0234	0.0117	0.9066	2.62	0.00900	1	1
v_default	raw	signed	personal	tau_b	87	0.2909	0.2763	0.3838	0.5060	0.2937	0.2655	0.3315	-0.1642	0.0145	-0.0241	0.0539	0.1404	-0.2251	0.5279	0.0634	0.1661	-0.0026	-0.0417	0.0354	0.4550	0.3949	0.5130	0.8786	0.72	0.46100	0	1
v_default	raw	signed	personal	top1	87	0.4337	0.4503	0.5453	0.6379	0.4613	0.4314	0.4912	-0.1168	-0.0161	-0.0624	0.0294	-0.1777	-0.7435	0.3112	-0.0873	0.1156	-0.0264	-0.0756	0.0204	0.5504	0.4879	0.6109	0.8854	0.68	0.50500	0	1
v_default	raw	signed	personal	pair	87	0.6546	0.6478	0.7072	0.7712	0.6570	0.6427	0.6766	-0.0870	0.0067	-0.0137	0.0272	0.1178	-0.2291	0.4713	0.0551	0.1545	-0.0021	-0.0230	0.0180	0.7408	0.7056	0.7714	0.9674	0.64	0.52300	0	1
v_default	raw	signed	personal	veto	86	0.5815	0.5915	0.6457	0.7959	0.6033	0.5847	0.6322	-0.1855	-0.0106	-0.0576	0.0334	-0.1698	-1.3998	0.8407	-0.0527	0.3978	-0.0218	-0.0731	0.0297	0.7663	0.6949	0.8359	0.9194	0.46	0.64300	0	1
v_default	raw	signed	world	tau_b	300	0.2965	0.2846	0.4366	0.5345	0.3040	0.2903	0.3450	-0.1165	0.0117	-0.0094	0.0318	0.0768	-0.0636	0.2096	0.0466	0.1259	-0.0074	-0.0329	0.0186	0.4130	0.3823	0.4440	0.8593	1.11	0.26600	0	1
v_default	raw	signed	world	top1	300	0.4917	0.4859	0.5999	0.6733	0.5089	0.4891	0.5305	-0.0865	0.0057	-0.0159	0.0257	0.0505	-0.1387	0.2308	0.0306	0.2039	-0.0174	-0.0419	0.0076	0.5783	0.5482	0.6091	0.9274	0.55	0.56400	0	1
v_default	raw	signed	world	pair	300	0.6610	0.6546	0.7351	0.7888	0.6651	0.6582	0.6872	-0.0635	0.0065	-0.0049	0.0179	0.0805	-0.0613	0.2218	0.0482	0.1319	-0.0041	-0.0181	0.0094	0.7246	0.7077	0.7421	0.9622	1.11	0.25800	0	1
v_default	raw	signed	world	veto	86	0.5815	0.5915	0.6457	0.7959	0.6033	0.5847	0.6322	-0.1868	-0.0101	-0.0568	0.0343	-0.2156	-1.5172	0.8123	-0.0507	0.3033	-0.0219	-0.0715	0.0249	0.7673	0.6963	0.8377	0.9199	0.44	0.66300	0	1
v_default	z	uniform	intrinsic	tau_b	300	0.6287	0.4300	0.6271	0.9696	0.6822	0.4827	0.5449	0.6162	0.1985	0.1651	0.2295	1.0089	0.8507	1.1823	0.3676	1.2864	-0.0543	-0.0876	-0.0231	0.0121	-0.0217	0.0449	1.1551	11.79	0.00050	1	1
v_default	z	uniform	intrinsic	top1	300	0.6897	0.5243	0.6723	0.9760	0.7270	0.5480	0.5823	0.6687	0.1654	0.1285	0.2012	1.1329	0.8714	1.4541	0.3659	1.3885	-0.0371	-0.0750	0.0017	0.0207	-0.0200	0.0593	1.1849	8.88	0.00050	1	1
v_default	z	uniform	intrinsic	pair	300	0.8143	0.7150	0.8136	0.9848	0.8411	0.7413	0.7724	0.8082	0.0992	0.0815	0.1155	1.0108	0.8487	1.1837	0.3676	1.2838	-0.0267	-0.0449	-0.0107	0.0062	-0.0109	0.0229	1.0541	11.50	0.00050	1	1
v_default	z	uniform	personal	tau_b	87	0.2658	0.1126	0.3556	0.4578	0.2863	0.1101	0.1494	-0.1644	0.1536	0.1093	0.2002	0.6333	0.4533	0.8048	0.4441	0.7169	-0.0203	-0.0669	0.0229	0.4301	0.3658	0.4892	1.8646	6.59	0.00050	1	1
v_default	z	uniform	personal	top1	87	0.4329	0.3402	0.5191	0.6008	0.4774	0.3253	0.3432	-0.1166	0.0924	0.0504	0.1369	0.5183	0.2972	0.7637	0.3540	0.7723	-0.0449	-0.0920	0.0043	0.5496	0.4889	0.6095	1.2632	4.18	0.00050	1	1
v_default	z	uniform	personal	pair	87	0.6414	0.5599	0.6916	0.7448	0.6532	0.5566	0.5794	-0.0869	0.0818	0.0569	0.1064	0.6212	0.4464	0.7877	0.4415	0.7102	-0.0117	-0.0359	0.0115	0.7283	0.6950	0.7605	1.1083	6.42	0.00050	1	1
v_default	z	uniform	personal	veto	86	0.5485	0.4567	0.6232	0.7427	0.5798	0.4731	0.5077	-0.1876	0.0914	0.0407	0.1435	0.5588	0.2667	0.8790	0.3204	0.7530	-0.0313	-0.0802	0.0148	0.7362	0.6651	0.8110	1.0808	3.58	0.00100	1	1
v_default	z	uniform	world	tau_b	300	0.2875	0.1433	0.4058	0.4953	0.3006	0.1417	0.1821	-0.1165	0.1444	0.1193	0.1686	0.5497	0.4648	0.6381	0.4100	0.5977	-0.0126	-0.0394	0.0134	0.4040	0.3729	0.4349	1.5929	11.46	0.00050	1	1
v_default	z	uniform	world	top1	300	0.4892	0.3886	0.5799	0.6477	0.5081	0.3842	0.4025	-0.0869	0.1001	0.0765	0.1232	0.5256	0.4042	0.6502	0.3870	0.6258	-0.0190	-0.0455	0.0077	0.5758	0.5441	0.6050	1.2148	8.14	0.00050	1	1
v_default	z	uniform	world	pair	300	0.6562	0.5771	0.7190	0.7677	0.6632	0.5758	0.5982	-0.0636	0.0790	0.0651	0.0926	0.5573	0.4694	0.6405	0.4147	0.6066	-0.0070	-0.0218	0.0066	0.7196	0.7022	0.7367	1.0971	11.25	0.00050	1	1
v_default	z	uniform	world	veto	86	0.5485	0.4567	0.6232	0.7427	0.5798	0.4731	0.5077	-0.1863	0.0915	0.0429	0.1395	0.5571	0.2726	0.8752	0.3207	0.7504	-0.0315	-0.0803	0.0124	0.7349	0.6615	0.8085	1.0820	3.67	0.00050	1	1
v_default	z	signed	intrinsic	tau_b	300	0.6287	0.5932	0.6180	0.9980	0.6862	0.6404	0.7973	0.6158	0.0357	0.0063	0.0629	1.3665	0.0762	6.8112	0.0880	3.7916	-0.0576	-0.0924	-0.0244	0.0127	-0.0228	0.0452	0.7883	2.50	0.01600	1	0
v_default	z	signed	intrinsic	top1	300	0.6897	0.6557	0.6700	0.9973	0.7230	0.7033	0.8170	0.6695	0.0337	0.0001	0.0661	2.8596	-18.3302	29.4645	0.0987	6.5565	-0.0346	-0.0747	0.0037	0.0201	-0.0197	0.0560	0.8441	1.99	0.04900	0	0
v_default	z	signed	intrinsic	pair	300	0.8143	0.7966	0.8090	0.9990	0.8431	0.8202	0.8987	0.8079	0.0178	0.0032	0.0316	1.3090	0.0905	6.5446	0.0880	4.0457	-0.0289	-0.0458	-0.0124	0.0064	-0.0109	0.0233	0.9061	2.44	0.02300	1	0
v_default	z	signed	personal	tau_b	87	0.2658	0.2690	0.3922	0.5148	0.2962	0.2710	0.3100	-0.1647	-0.0029	-0.0477	0.0384	-0.0260	-0.4031	0.3197	-0.0122	0.2286	-0.0304	-0.0752	0.0110	0.4304	0.3718	0.4890	0.8610	0.13	0.92400	0	1
v_default	z	signed	personal	top1	87	0.4329	0.4360	0.5647	0.6537	0.4755	0.4367	0.4570	-0.1169	-0.0035	-0.0489	0.0400	-0.0288	-0.3883	0.3145	-0.0164	0.3214	-0.0433	-0.0921	0.0040	0.5500	0.4881	0.6104	0.9475	0.15	0.88800	0	1
v_default	z	signed	personal	pair	87	0.6414	0.6438	0.7110	0.7753	0.6582	0.6452	0.6655	-0.0870	-0.0021	-0.0258	0.0209	-0.0326	-0.4167	0.3229	-0.0161	0.2227	-0.0167	-0.0394	0.0054	0.7287	0.6943	0.7619	0.9644	0.17	0.88200	0	1
v_default	z	signed	personal	veto	86	0.5485	0.5895	0.6537	0.8033	0.5919	0.5763	0.6443	-0.1878	-0.0404	-0.0858	0.0022	-0.7257	-2.4120	0.0456	-0.1908	0.1227	-0.0435	-0.0898	0.0019	0.7370	0.6660	0.8065	0.8525	1.73	0.06900	0	1
v_default	z	signed	world	tau_b	300	0.2875	0.2758	0.4399	0.5401	0.3061	0.2853	0.3321	-0.1165	0.0113	-0.0112	0.0320	0.0686	-0.0681	0.1934	0.0426	0.1841	-0.0188	-0.0442	0.0061	0.4033	0.3729	0.4325	0.8649	1.03	0.29300	0	1
v_default	z	signed	world	top1	300	0.4892	0.4768	0.6031	0.6790	0.5044	0.4906	0.5220	-0.0869	0.0122	-0.0094	0.0333	0.0981	-0.0762	0.2734	0.0607	0.2198	-0.0152	-0.0413	0.0117	0.5756	0.5447	0.6081	0.9374	1.15	0.25700	0	1
v_default	z	signed	world	pair	300	0.6562	0.6497	0.7368	0.7916	0.6661	0.6554	0.6803	-0.0637	0.0064	-0.0049	0.0180	0.0742	-0.0572	0.2065	0.0454	0.1888	-0.0099	-0.0229	0.0035	0.7196	0.7022	0.7367	0.9646	1.09	0.27300	0	1
v_default	z	signed	world	veto	86	0.5485	0.5895	0.6537	0.8033	0.5919	0.5763	0.6443	-0.1876	-0.0414	-0.0886	0.0031	-0.8835	-2.3572	0.0590	-0.1953	0.1389	-0.0439	-0.0937	0.0022	0.7352	0.6616	0.8105	0.8507	1.77	0.06900	0	1
v_nofewshot	raw	uniform	intrinsic	tau_b	300	0.5950	0.4752	0.6241	0.9134	0.6399	0.4992	0.5248	0.5888	0.1196	0.0931	0.1466	0.8094	0.6443	1.0020	0.2729	1.1164	-0.0451	-0.0720	-0.0176	0.0058	-0.0272	0.0372	1.1338	8.66	0.00050	1	1
v_nofewshot	raw	uniform	intrinsic	top1	300	0.6417	0.5687	0.6700	0.9290	0.6933	0.5853	0.6107	0.6411	0.0725	0.0407	0.1042	0.7374	0.4015	1.1681	0.2013	1.2692	-0.0519	-0.0863	-0.0160	0.0004	-0.0430	0.0423	1.0507	4.48	0.00050	1	1
v_nofewshot	raw	uniform	intrinsic	pair	300	0.7975	0.7376	0.8121	0.9567	0.8199	0.7496	0.7624	0.7941	0.0600	0.0462	0.0738	0.8112	0.6500	1.0076	0.2732	1.1184	-0.0226	-0.0363	-0.0090	0.0031	-0.0136	0.0194	1.0465	8.65	0.00050	1	1
v_nofewshot	raw	uniform	personal	tau_b	87	0.1319	-0.0020	0.2275	0.3068	0.1323	0.0102	-0.0106	-0.1641	0.1325	0.0867	0.1816	0.5793	0.4403	0.7142	0.4287	0.5811	-0.0005	-0.0340	0.0346	0.2949	0.2264	0.3593	7.9810	5.58	0.00050	1	1
v_nofewshot	raw	uniform	personal	top1	87	0.3284	0.2749	0.4252	0.4825	0.3565	0.2954	0.2776	-0.1168	0.0538	0.0140	0.0950	0.3602	0.0946	0.6499	0.2578	0.5489	-0.0285	-0.0835	0.0262	0.4449	0.3852	0.5063	1.1936	2.61	0.00700	1	1
v_nofewshot	raw	uniform	personal	pair	87	0.5692	0.4966	0.6215	0.6636	0.5706	0.5018	0.4918	-0.0868	0.0724	0.0472	0.0992	0.5805	0.4280	0.7208	0.4322	0.5921	-0.0014	-0.0200	0.0174	0.6564	0.6183	0.6947	1.1575	5.38	0.00050	1	1
v_nofewshot	raw	uniform	personal	veto	86	0.5079	0.3916	0.5546	0.6631	0.5213	0.3839	0.3742	-0.1876	0.1157	0.0668	0.1668	0.7240	0.4450	1.0205	0.4269	0.8178	-0.0140	-0.0571	0.0284	0.6957	0.6249	0.7639	1.3618	4.47	0.00050	1	1
v_nofewshot	raw	uniform	world	tau_b	300	0.0753	-0.0180	0.2679	0.3359	0.1008	-0.0202	-0.0223	-0.1164	0.0934	0.0708	0.1149	0.3267	0.2535	0.3988	0.2638	0.4158	-0.0255	-0.0498	-0.0003	0.1917	0.1518	0.2321	40.9534	8.19	0.00050	1	1
v_nofewshot	raw	uniform	world	top1	300	0.3295	0.2870	0.4823	0.5320	0.3561	0.2857	0.2907	-0.0867	0.0428	0.0230	0.0634	0.2199	0.1163	0.3247	0.1751	0.3549	-0.0263	-0.0496	-0.0023	0.4161	0.3830	0.4513	1.1359	4.14	0.00050	1	1
v_nofewshot	raw	uniform	world	pair	300	0.5397	0.4882	0.6450	0.6814	0.5542	0.4865	0.4855	-0.0635	0.0516	0.0392	0.0643	0.3289	0.2556	0.4036	0.2667	0.4203	-0.0143	-0.0280	-0.0003	0.6033	0.5807	0.6248	1.1121	7.88	0.00050	1	1
v_nofewshot	raw	uniform	world	veto	86	0.5079	0.3916	0.5546	0.6631	0.5213	0.3839	0.3742	-0.1877	0.1161	0.0683	0.1659	0.7251	0.4664	1.0279	0.4282	0.8123	-0.0133	-0.0546	0.0291	0.6957	0.6255	0.7694	1.3657	4.56	0.00050	1	1
v_nofewshot	raw	signed	intrinsic	tau_b	300	0.5950	0.5363	0.5897	0.9992	0.6437	0.6272	0.7703	0.5890	0.0588	0.0282	0.0891	1.1587	0.5415	2.0783	0.1270	2.1429	-0.0484	-0.0758	-0.0211	0.0060	-0.0266	0.0387	0.7724	3.76	0.00050	1	1
v_nofewshot	raw	signed	intrinsic	top1	300	0.6417	0.6110	0.6423	0.9987	0.6843	0.6837	0.7890	0.6414	0.0306	-0.0049	0.0638	1.1041	-1.1403	5.2597	0.0789	2.5125	-0.0430	-0.0793	-0.0073	0.0003	-0.0423	0.0417	0.8133	1.69	0.09500	0	0
v_nofewshot	raw	signed	intrinsic	pair	300	0.7975	0.7682	0.7948	0.9996	0.8218	0.8136	0.8852	0.7948	0.0293	0.0137	0.0445	1.1563	0.5532	2.0519	0.1269	2.1455	-0.0245	-0.0384	-0.0111	0.0029	-0.0134	0.0183	0.9010	3.82	0.00050	1	1
v_nofewshot	raw	signed	personal	tau_b	87	0.1319	0.1740	0.3596	0.4868	0.1299	0.1600	0.2244	-0.1643	-0.0415	-0.0894	0.0062	-0.2283	-0.5211	0.0346	-0.1336	-0.2406	0.0027	-0.0318	0.0374	0.2963	0.2252	0.3654	0.5888	1.73	0.08900	0	1
v_nofewshot	raw	signed	personal	top1	87	0.3284	0.3794	0.5341	0.6228	0.3442	0.3787	0.4001	-0.1171	-0.0510	-0.0967	-0.0036	-0.3371	-0.6597	-0.0226	-0.2110	-0.2295	-0.0159	-0.0683	0.0369	0.4454	0.3865	0.5051	0.8213	2.18	0.02900	1	1
v_nofewshot	raw	signed	personal	pair	87	0.5692	0.5929	0.6926	0.7604	0.5692	0.5864	0.6195	-0.0871	-0.0235	-0.0473	0.0015	-0.2406	-0.5213	0.0152	-0.1411	-0.2407	0.0002	-0.0182	0.0189	0.6562	0.6189	0.6932	0.9197	1.84	0.07600	0	1
v_nofewshot	raw	signed	personal	veto	86	0.5079	0.5443	0.6562	0.7937	0.5087	0.5411	0.6067	-0.1871	-0.0368	-0.0890	0.0118	-0.3464	-0.9265	0.1100	-0.1482	-0.3312	-0.0007	-0.0488	0.0481	0.6944	0.6207	0.7670	0.8377	1.41	0.14700	0	1
v_nofewshot	raw	signed	world	tau_b	300	0.0753	0.1660	0.4300	0.5288	0.1034	0.1365	0.2177	-0.1165	-0.0909	-0.1187	-0.0647	-0.3449	-0.4459	-0.2462	-0.2507	-0.2397	-0.0277	-0.0531	-0.0024	0.1916	0.1506	0.2310	0.3421	6.57	0.00050	1	1
v_nofewshot	raw	signed	world	top1	300	0.3295	0.4003	0.5961	0.6717	0.3509	0.3870	0.4265	-0.0868	-0.0712	-0.0946	-0.0482	-0.3646	-0.4924	-0.2408	-0.2623	-0.2527	-0.0218	-0.0468	0.0014	0.4159	0.3816	0.4494	0.7725	6.05	0.00050	1	1
v_nofewshot	raw	signed	world	pair	300	0.5397	0.5898	0.7321	0.7856	0.5555	0.5737	0.6175	-0.0636	-0.0503	-0.0646	-0.0361	-0.3544	-0.4559	-0.2538	-0.2571	-0.2406	-0.0161	-0.0295	-0.0027	0.6033	0.5814	0.6268	0.8738	6.85	0.00050	1	1
v_nofewshot	raw	signed	world	veto	86	0.5079	0.5443	0.6562	0.7937	0.5087	0.5411	0.6067	-0.1878	-0.0367	-0.0907	0.0153	-0.3510	-0.9451	0.1309	-0.1482	-0.3258	-0.0013	-0.0523	0.0494	0.6949	0.6220	0.7669	0.8376	1.37	0.14800	0	1
v_nofewshot	z	uniform	intrinsic	tau_b	300	0.6312	0.5287	0.6378	0.9342	0.6817	0.5577	0.5877	0.6091	0.1026	0.0760	0.1292	0.9488	0.7083	1.2342	0.2526	1.4175	-0.0505	-0.0789	-0.0227	0.0221	-0.0079	0.0521	1.0748	7.63	0.00050	1	1
v_nofewshot	z	uniform	intrinsic	top1	300	0.6650	0.6000	0.6837	0.9480	0.7003	0.6087	0.6390	0.6516	0.0647	0.0326	0.0978	0.8049	0.3797	1.3832	0.1857	1.2544	-0.0360	-0.0757	0.0040	0.0127	-0.0337	0.0550	1.0408	3.90	0.00050	1	1
v_nofewshot	z	uniform	intrinsic	pair	300	0.8156	0.7643	0.8189	0.9671	0.8408	0.7788	0.7938	0.8047	0.0515	0.0385	0.0647	0.9544	0.7190	1.2328	0.2541	1.4178	-0.0249	-0.0386	-0.0110	0.0113	-0.0038	0.0258	1.0279	7.76	0.00050	1	1
v_nofewshot	z	uniform	personal	tau_b	87	0.1377	0.0089	0.2176	0.3033	0.1295	0.0270	0.0131	-0.1638	0.1284	0.0859	0.1703	0.6171	0.4554	0.7730	0.4354	0.5760	0.0085	-0.0188	0.0359	0.3017	0.2321	0.3698	1.4960	5.89	0.00050	1	1
v_nofewshot	z	uniform	personal	top1	87	0.3319	0.2742	0.4185	0.4753	0.3261	0.2701	0.2847	-0.1171	0.0572	0.0152	0.1010	0.3996	0.1067	0.7008	0.2838	0.3555	0.0062	-0.0342	0.0470	0.4491	0.3925	0.5093	1.1710	2.63	0.01000	1	1
v_nofewshot	z	uniform	personal	pair	87	0.5724	0.5031	0.6170	0.6611	0.5687	0.5113	0.5047	-0.0872	0.0687	0.0449	0.0932	0.6056	0.4500	0.7688	0.4345	0.5760	0.0034	-0.0108	0.0190	0.6589	0.6206	0.6969	1.1342	5.57	0.00050	1	1
v_nofewshot	z	uniform	personal	veto	86	0.5125	0.4058	0.5592	0.6726	0.5259	0.4058	0.3995	-0.1869	0.1077	0.0619	0.1578	0.7115	0.4475	1.0331	0.4038	0.8021	-0.0128	-0.0489	0.0239	0.7006	0.6310	0.7685	1.2910	4.33	0.00050	1	1
v_nofewshot	z	uniform	world	tau_b	300	0.0757	-0.0084	0.2672	0.3349	0.0947	-0.0007	-0.0100	-0.1165	0.0839	0.0628	0.1058	0.3046	0.2346	0.3750	0.2443	0.3734	-0.0190	-0.0428	0.0060	0.1924	0.1522	0.2323	-2.1651	7.80	0.00050	1	1
v_nofewshot	z	uniform	world	top1	300	0.3210	0.2878	0.4823	0.5340	0.3378	0.2821	0.2909	-0.0867	0.0333	0.0132	0.0548	0.1719	0.0696	0.2789	0.1354	0.2577	-0.0166	-0.0403	0.0079	0.4074	0.3755	0.4401	1.1051	3.13	0.00050	1	1
v_nofewshot	z	uniform	world	pair	300	0.5399	0.4938	0.6445	0.6808	0.5509	0.4974	0.4922	-0.0636	0.0461	0.0349	0.0582	0.3065	0.2356	0.3829	0.2466	0.3794	-0.0110	-0.0242	0.0025	0.6037	0.5820	0.6250	1.0970	7.69	0.00050	1	1
v_nofewshot	z	uniform	world	veto	86	0.5125	0.4058	0.5592	0.6726	0.5259	0.4058	0.3995	-0.1869	0.1064	0.0560	0.1579	0.7082	0.4220	1.0358	0.3997	0.8040	-0.0133	-0.0512	0.0221	0.7009	0.6328	0.7686	1.2850	4.13	0.00050	1	1
v_nofewshot	z	signed	intrinsic	tau_b	300	0.6312	0.5420	0.6104	0.9987	0.6812	0.6288	0.7797	0.6088	0.0886	0.0608	0.1168	1.3320	0.8608	2.0214	0.1939	2.0990	-0.0506	-0.0784	-0.0220	0.0218	-0.0100	0.0528	0.8092	6.21	0.00050	1	1
v_nofewshot	z	signed	intrinsic	top1	300	0.6650	0.6084	0.6540	0.9980	0.6927	0.6650	0.8010	0.6524	0.0571	0.0223	0.0917	1.6146	0.4786	3.5256	0.1468	2.3609	-0.0274	-0.0667	0.0100	0.0134	-0.0287	0.0547	0.8311	3.22	0.00100	1	1
v_nofewshot	z	signed	intrinsic	pair	300	0.8156	0.7710	0.8052	0.9993	0.8406	0.8144	0.8898	0.8046	0.0449	0.0310	0.0592	1.3473	0.8884	2.0095	0.1968	2.0984	-0.0248	-0.0389	-0.0103	0.0114	-0.0041	0.0267	0.9171	6.33	0.00050	1	1
v_nofewshot	z	signed	personal	tau_b	87	0.1377	0.1549	0.3549	0.4787	0.1155	0.1499	0.1899	-0.1641	-0.0167	-0.0619	0.0284	-0.0846	-0.3190	0.1404	-0.0514	-0.2012	0.0230	-0.0077	0.0539	0.3028	0.2288	0.3711	0.7312	0.74	0.45200	0	1
v_nofewshot	z	signed	personal	top1	87	0.3319	0.3646	0.5329	0.6182	0.3272	0.3722	0.3844	-0.1166	-0.0324	-0.0694	0.0046	-0.1924	-0.4183	0.0301	-0.1275	-0.2229	0.0048	-0.0374	0.0449	0.4491	0.3893	0.5101	0.8661	1.69	0.09200	0	1
v_nofewshot	z	signed	personal	pair	87	0.5724	0.5826	0.6908	0.7565	0.5614	0.5803	0.6011	-0.0870	-0.0103	-0.0334	0.0121	-0.0970	-0.3175	0.1149	-0.0595	-0.2003	0.0110	-0.0056	0.0263	0.6594	0.6211	0.6955	0.9520	0.88	0.38200	0	1
v_nofewshot	z	signed	personal	veto	86	0.5125	0.5256	0.6465	0.7852	0.5248	0.5193	0.5615	-0.1873	-0.0138	-0.0627	0.0344	-0.1246	-0.6200	0.2842	-0.0531	0.0005	-0.0132	-0.0519	0.0251	0.6984	0.6295	0.7678	0.9120	0.56	0.56300	0	1
v_nofewshot	z	signed	world	tau_b	300	0.0757	0.1452	0.4287	0.5279	0.0910	0.1292	0.1813	-0.1168	-0.0691	-0.0950	-0.0445	-0.2444	-0.3340	-0.1607	-0.1807	-0.1913	-0.0150	-0.0402	0.0089	0.1928	0.1537	0.2337	0.4155	5.46	0.00050	1	1
v_nofewshot	z	signed	world	top1	300	0.3210	0.3842	0.5982	0.6727	0.3343	0.3782	0.4001	-0.0867	-0.0628	-0.0847	-0.0417	-0.2936	-0.3946	-0.1923	-0.2175	-0.2333	-0.0129	-0.0374	0.0121	0.4081	0.3764	0.4415	0.8034	5.64	0.00050	1	1
v_nofewshot	z	signed	world	pair	300	0.5399	0.5783	0.7314	0.7852	0.5490	0.5696	0.5975	-0.0635	-0.0386	-0.0517	-0.0254	-0.2521	-0.3413	-0.1676	-0.1864	-0.1903	-0.0094	-0.0230	0.0037	0.6034	0.5816	0.6256	0.9031	5.70	0.00050	1	1
v_nofewshot	z	signed	world	veto	86	0.5125	0.5256	0.6465	0.7852	0.5248	0.5193	0.5615	-0.1867	-0.0128	-0.0646	0.0388	-0.1172	-0.6190	0.3102	-0.0495	0.0021	-0.0124	-0.0503	0.0254	0.6999	0.6278	0.7706	0.9137	0.50	0.62800	0	1
v_swapped	raw	uniform	intrinsic	tau_b	300	0.6666	0.4435	0.6702	0.9669	0.7070	0.4894	0.5470	0.6547	0.2226	0.1883	0.2566	0.9862	0.8525	1.1269	0.4250	1.1679	-0.0409	-0.0689	-0.0131	0.0112	-0.0230	0.0427	1.2188	12.67	0.00050	1	1
v_swapped	raw	uniform	intrinsic	top1	300	0.7170	0.5506	0.7367	0.9740	0.7523	0.5717	0.6077	0.7322	0.1658	0.1289	0.2021	0.9017	0.7060	1.1316	0.3917	1.0943	-0.0354	-0.0753	0.0040	-0.0156	-0.0560	0.0243	1.1795	8.86	0.00050	1	1
v_swapped	raw	uniform	intrinsic	pair	300	0.8333	0.7217	0.8351	0.9834	0.8535	0.7447	0.7735	0.8278	0.1118	0.0948	0.1287	0.9890	0.8606	1.1388	0.4272	1.1659	-0.0200	-0.0346	-0.0056	0.0058	-0.0103	0.0226	1.0775	12.84	0.00050	1	1
v_swapped	raw	uniform	personal	tau_b	87	0.3022	0.1066	0.3592	0.4565	0.2916	0.1044	0.1154	-0.1643	0.1954	0.1525	0.2392	0.7744	0.6242	0.9307	0.5575	0.7318	0.0106	-0.0231	0.0424	0.4648	0.4109	0.5178	3.5833	8.77	0.00050	1	1
v_swapped	raw	uniform	personal	top1	87	0.4378	0.3424	0.5267	0.6079	0.4707	0.3139	0.3365	-0.1176	0.0957	0.0558	0.1390	0.5286	0.3069	0.7717	0.3623	0.7049	-0.0320	-0.0695	0.0055	0.5562	0.4957	0.6161	1.3043	4.49	0.00050	1	1
v_swapped	raw	uniform	personal	pair	87	0.6611	0.5568	0.6926	0.7439	0.6556	0.5533	0.5613	-0.0870	0.1044	0.0804	0.1286	0.7690	0.6111	0.9221	0.5567	0.7269	0.0056	-0.0139	0.0237	0.7483	0.7165	0.7769	1.1788	8.48	0.00050	1	1
v_swapped	raw	uniform	personal	veto	86	0.6076	0.4619	0.6032	0.7380	0.6152	0.4692	0.4670	-0.1872	0.1460	0.1011	0.1918	1.0678	0.7306	1.5760	0.5293	1.1224	-0.0079	-0.0399	0.0205	0.7950	0.7288	0.8593	1.3070	6.29	0.00050	1	1
v_swapped	raw	uniform	world	tau_b	300	0.3030	0.1456	0.4092	0.4957	0.3098	0.1462	0.1755	-0.1165	0.1571	0.1332	0.1801	0.5963	0.5144	0.6802	0.4487	0.6234	-0.0072	-0.0317	0.0182	0.4193	0.3891	0.4481	1.7382	12.84	0.00050	1	1
v_swapped	raw	uniform	world	top1	300	0.4940	0.3968	0.5845	0.6500	0.5135	0.3941	0.4105	-0.0868	0.0968	0.0734	0.1203	0.5183	0.3941	0.6463	0.3827	0.6239	-0.0197	-0.0451	0.0036	0.5805	0.5488	0.6117	1.2027	8.03	0.00050	1	1
v_swapped	raw	uniform	world	pair	300	0.6647	0.5784	0.7205	0.7678	0.6681	0.5783	0.5947	-0.0635	0.0864	0.0730	0.0994	0.6080	0.5275	0.6903	0.4559	0.6323	-0.0034	-0.0166	0.0088	0.7281	0.7117	0.7442	1.1178	12.68	0.00050	1	1
v_swapped	raw	uniform	world	veto	86	0.6076	0.4619	0.6032	0.7380	0.6152	0.4692	0.4670	-0.1877	0.1459	0.1030	0.1916	1.0727	0.7272	1.6318	0.5290	1.1228	-0.0075	-0.0369	0.0228	0.7953	0.7298	0.8619	1.3057	6.48	0.00050	1	1
v_swapped	raw	signed	intrinsic	tau_b	300	0.6666	0.6157	0.6573	0.9980	0.7041	0.6828	0.8199	0.6555	0.0506	0.0235	0.0775	1.3168	0.5291	2.7135	0.1324	2.3296	-0.0385	-0.0696	-0.0093	0.0106	-0.0227	0.0439	0.8123	3.68	0.00100	1	1
v_swapped	raw	signed	intrinsic	top1	300	0.7170	0.6852	0.7337	0.9983	0.7520	0.7407	0.8530	0.7339	0.0318	-0.0015	0.0651	0.6919	-0.0369	1.7186	0.1016	1.4642	-0.0350	-0.0730	0.0020	-0.0169	-0.0563	0.0237	0.8403	1.87	0.06300	0	1
v_swapped	raw	signed	intrinsic	pair	300	0.8333	0.8078	0.8287	0.9990	0.8521	0.8414	0.9099	0.8276	0.0252	0.0111	0.0387	1.3331	0.5275	2.7459	0.1319	2.3384	-0.0188	-0.0330	-0.0049	0.0055	-0.0108	0.0218	0.9156	3.74	0.00100	1	1
v_swapped	raw	signed	personal	tau_b	87	0.3022	0.2763	0.3873	0.5134	0.2896	0.2711	0.3136	-0.1641	0.0263	-0.0103	0.0632	0.2424	-0.0931	0.5909	0.1108	0.1221	0.0131	-0.0236	0.0491	0.4660	0.4100	0.5181	0.9676	1.39	0.16400	0	1
v_swapped	raw	signed	personal	top1	87	0.4378	0.4522	0.5458	0.6378	0.4746	0.4592	0.4748	-0.1173	-0.0150	-0.0609	0.0287	-0.1780	-0.7735	0.3284	-0.0846	0.2436	-0.0368	-0.0751	-0.0001	0.5549	0.4958	0.6159	0.9214	0.65	0.51300	0	1
v_swapped	raw	signed	personal	pair	87	0.6611	0.6479	0.7093	0.7753	0.6549	0.6458	0.6675	-0.0866	0.0133	-0.0078	0.0331	0.2191	-0.1249	0.5480	0.1044	0.1234	0.0058	-0.0135	0.0243	0.7476	0.7178	0.7762	0.9906	1.30	0.19700	0	1
v_swapped	raw	signed	personal	veto	86	0.6076	0.6000	0.6507	0.7973	0.5975	0.5912	0.6399	-0.1865	0.0069	-0.0325	0.0433	0.1333	-0.8378	1.6047	0.0344	-0.0121	0.0093	-0.0277	0.0487	0.7937	0.7287	0.8562	0.9488	0.34	0.71300	0	1
v_swapped	raw	signed	world	tau_b	300	0.3030	0.2882	0.4381	0.5374	0.3070	0.3001	0.3423	-0.1166	0.0152	-0.0057	0.0354	0.1017	-0.0380	0.2318	0.0611	0.1291	-0.0040	-0.0276	0.0196	0.4198	0.3902	0.4483	0.8862	1.44	0.16000	0	1
v_swapped	raw	signed	world	top1	300	0.4940	0.4905	0.5992	0.6750	0.5125	0.5037	0.5286	-0.0866	0.0037	-0.0180	0.0253	0.0338	-0.1690	0.2316	0.0201	0.2048	-0.0184	-0.0424	0.0049	0.5808	0.5493	0.6103	0.9359	0.34	0.74000	0	1
v_swapped	raw	signed	world	pair	300	0.6647	0.6566	0.7359	0.7903	0.6667	0.6636	0.6856	-0.0635	0.0079	-0.0041	0.0194	0.0994	-0.0530	0.2425	0.0588	0.1273	-0.0022	-0.0156	0.0101	0.7279	0.7111	0.7445	0.9692	1.33	0.19000	0	1
v_swapped	raw	signed	world	veto	86	0.6076	0.6000	0.6507	0.7973	0.5975	0.5912	0.6399	-0.1885	0.0077	-0.0329	0.0456	0.2060	-0.9264	1.9213	0.0384	-0.0253	0.0097	-0.0278	0.0490	0.7962	0.7295	0.8622	0.9504	0.38	0.69700	0	1
v_swapped	z	uniform	intrinsic	tau_b	300	0.6413	0.4505	0.6422	0.9700	0.6911	0.5049	0.5520	0.6319	0.1908	0.1574	0.2231	1.0011	0.8352	1.1863	0.3672	1.2637	-0.0500	-0.0836	-0.0195	0.0092	-0.0242	0.0419	1.1633	11.30	0.00050	1	1
v_swapped	z	uniform	intrinsic	top1	300	0.7047	0.5480	0.7137	0.9783	0.7400	0.5800	0.5993	0.7062	0.1572	0.1188	0.1955	0.9548	0.7267	1.1989	0.3658	1.1696	-0.0351	-0.0767	0.0063	-0.0003	-0.0400	0.0383	1.1781	8.12	0.00050	1	1
v_swapped	z	uniform	intrinsic	pair	300	0.8207	0.7253	0.8211	0.9850	0.8456	0.7524	0.7760	0.8162	0.0953	0.0792	0.1119	0.9993	0.8308	1.1845	0.3668	1.2599	-0.0249	-0.0417	-0.0090	0.0044	-0.0131	0.0207	1.0578	11.48	0.00050	1	1
v_swapped	z	uniform	personal	tau_b	87	0.2812	0.1153	0.3573	0.4549	0.2817	0.1001	0.1426	-0.1635	0.1661	0.1224	0.2137	0.6865	0.5304	0.8617	0.4882	0.6894	-0.0008	-0.0412	0.0388	0.4447	0.3827	0.5011	2.0639	7.06	0.00050	1	1
v_swapped	z	uniform	personal	top1	87	0.4351	0.3428	0.5289	0.6126	0.4742	0.3163	0.3244	-0.1165	0.0919	0.0513	0.1352	0.4969	0.2821	0.7208	0.3400	0.7083	-0.0391	-0.0787	0.0015	0.5513	0.4908	0.6101	1.3454	4.18	0.00050	1	1
v_swapped	z	uniform	personal	pair	87	0.6499	0.5615	0.6917	0.7431	0.6504	0.5512	0.5766	-0.0865	0.0886	0.0654	0.1157	0.6830	0.5159	0.8507	0.4886	0.6808	0.0002	-0.0208	0.0214	0.7370	0.7041	0.7675	1.1277	6.90	0.00050	1	1
v_swapped	z	uniform	personal	veto	86	0.5826	0.4599	0.6246	0.7563	0.5699	0.4598	0.5119	-0.1871	0.1230	0.0790	0.1691	0.7572	0.4909	1.0952	0.4146	0.6785	0.0125	-0.0329	0.0620	0.7698	0.7011	0.8392	1.1398	5.37	0.00050	1	1
v_swapped	z	uniform	world	tau_b	300	0.2985	0.1497	0.4126	0.4984	0.2977	0.1458	0.1817	-0.1165	0.1490	0.1249	0.1734	0.5674	0.4823	0.6518	0.4275	0.5637	0.0010	-0.0235	0.0253	0.4156	0.3850	0.4468	1.6508	11.93	0.00050	1	1
v_swapped	z	uniform	world	top1	300	0.4941	0.3968	0.5851	0.6517	0.5046	0.3864	0.4024	-0.0864	0.0973	0.0732	0.1214	0.5171	0.3942	0.6454	0.3817	0.5720	-0.0103	-0.0366	0.0164	0.5804	0.5489	0.6118	1.2291	7.80	0.00050	1	1
v_swapped	z	uniform	world	pair	300	0.6622	0.5807	0.7227	0.7693	0.6613	0.5781	0.5982	-0.0634	0.0817	0.0687	0.0950	0.5742	0.4879	0.6556	0.4324	0.5686	0.0008	-0.0126	0.0143	0.7258	0.7093	0.7421	1.1075	12.26	0.00050	1	1
v_swapped	z	uniform	world	veto	86	0.5826	0.4599	0.6246	0.7563	0.5699	0.4598	0.5119	-0.1884	0.1228	0.0795	0.1671	0.7655	0.5038	1.1111	0.4152	0.6856	0.0125	-0.0357	0.0614	0.7715	0.7064	0.8398	1.1421	5.53	0.00050	1	1
v_swapped	z	signed	intrinsic	tau_b	300	0.6413	0.5951	0.6347	0.9976	0.6922	0.6467	0.8031	0.6325	0.0461	0.0172	0.0719	1.2660	0.4411	2.6784	0.1144	2.6651	-0.0512	-0.0829	-0.0215	0.0085	-0.0254	0.0415	0.7981	3.30	0.00300	1	1
v_swapped	z	signed	intrinsic	top1	300	0.7047	0.6699	0.7070	0.9983	0.7417	0.7247	0.8387	0.7060	0.0342	-0.0001	0.0675	1.2001	-0.0155	2.9469	0.1042	2.6370	-0.0373	-0.0787	0.0037	-0.0014	-0.0397	0.0363	0.8397	1.99	0.05100	0	1
v_swapped	z	signed	intrinsic	pair	300	0.8207	0.7976	0.8173	0.9988	0.8461	0.8233	0.9016	0.8161	0.0232	0.0087	0.0364	1.2572	0.4333	2.5352	0.1151	2.6625	-0.0255	-0.0412	-0.0093	0.0045	-0.0122	0.0200	0.9103	3.23	0.00050	1	1
v_swapped	z	signed	personal	tau_b	87	0.2812	0.2648	0.3918	0.5149	0.2859	0.2611	0.3141	-0.1639	0.0166	-0.0258	0.0585	0.1282	-0.2147	0.4621	0.0658	0.1763	-0.0053	-0.0470	0.0353	0.4454	0.3850	0.5025	0.8980	0.76	0.44400	0	1
v_swapped	z	signed	personal	top1	87	0.4351	0.4383	0.5525	0.6449	0.4804	0.4263	0.4793	-0.1169	-0.0033	-0.0479	0.0389	-0.0352	-0.4654	0.3400	-0.0176	0.3829	-0.0451	-0.0918	-0.0016	0.5528	0.4903	0.6091	0.9082	0.15	0.91800	0	1
v_swapped	z	signed	personal	pair	87	0.6499	0.6415	0.7111	0.7755	0.6526	0.6399	0.6671	-0.0870	0.0087	-0.0137	0.0299	0.1241	-0.2057	0.4366	0.0649	0.1668	-0.0027	-0.0244	0.0186	0.7368	0.7045	0.7691	0.9750	0.77	0.42900	0	1
v_swapped	z	signed	personal	veto	86	0.5826	0.5888	0.6501	0.7938	0.5842	0.5742	0.6441	-0.1866	-0.0065	-0.0520	0.0371	-0.0587	-1.1461	0.6820	-0.0337	0.0200	-0.0011	-0.0456	0.0430	0.7693	0.7008	0.8347	0.9045	0.29	0.79400	0	1
v_swapped	z	signed	world	tau_b	300	0.2985	0.2768	0.4364	0.5370	0.3000	0.2876	0.3316	-0.1164	0.0219	0.0014	0.0446	0.1374	0.0090	0.2751	0.0842	0.1470	-0.0015	-0.0258	0.0232	0.4150	0.3846	0.4456	0.9014	2.00	0.03900	0	1
v_swapped	z	signed	world	top1	300	0.4941	0.4800	0.6006	0.6782	0.5079	0.4951	0.5261	-0.0865	0.0143	-0.0080	0.0353	0.1191	-0.0667	0.2965	0.0724	0.2336	-0.0136	-0.0394	0.0121	0.5810	0.5496	0.6103	0.9401	1.30	0.19300	0	1
v_swapped	z	signed	world	pair	300	0.6622	0.6502	0.7350	0.7899	0.6626	0.6564	0.6797	-0.0635	0.0120	-0.0001	0.0233	0.1416	-0.0013	0.2751	0.0858	0.1440	-0.0001	-0.0142	0.0136	0.7258	0.7090	0.7423	0.9745	1.99	0.05200	0	1
v_swapped	z	signed	world	veto	86	0.5826	0.5888	0.6501	0.7938	0.5842	0.5742	0.6441	-0.1871	-0.0060	-0.0513	0.0385	-2.5351	-1.1259	0.7739	-0.0307	-0.7717	-0.0024	-0.0485	0.0434	0.7701	0.7062	0.8417	0.9053	0.26	0.79300	0	1
main	raw	signed_m0	intrinsic	tau_b	966	0.6628	0.5409	0.6578	0.9971	0.6638	0.6575	0.7586	0.6564	0.1218	0.1070	0.1363	1.0445	0.9012	1.1971	0.2671	1.0570	-0.0014	-0.0203	0.0166	0.0064	-0.0107	0.0228	0.8736	16.49	0.00050	1	1
main	raw	signed_m0	intrinsic	top1	966	0.7037	0.6151	0.6990	0.9989	0.7019	0.7045	0.7853	0.6985	0.0886	0.0692	0.1071	1.0626	0.8239	1.3408	0.2309	1.0472	0.0013	-0.0214	0.0237	0.0052	-0.0158	0.0262	0.8960	9.18	0.00050	1	1
main	raw	signed_m0	intrinsic	pair	966	0.8314	0.7705	0.8289	0.9986	0.8319	0.8287	0.8793	0.8279	0.0610	0.0537	0.0683	1.0469	0.9037	1.2095	0.2671	1.0536	-0.0004	-0.0097	0.0088	0.0034	-0.0052	0.0120	0.9455	16.40	0.00050	1	1
main	raw	signed_m0	personal	tau_b	291	0.2786	0.2451	0.3940	0.5186	0.2872	0.2852	0.3043	-0.1567	0.0334	0.0150	0.0510	0.2262	0.0977	0.3531	0.1225	0.2832	-0.0085	-0.0300	0.0132	0.4352	0.4022	0.4662	0.9155	3.54	0.00100	1	1
main	raw	signed_m0	personal	top1	291	0.4545	0.4389	0.5527	0.6484	0.4680	0.4752	0.4778	-0.1241	0.0157	-0.0053	0.0369	0.1399	-0.0486	0.3257	0.0756	0.2600	-0.0134	-0.0369	0.0094	0.5791	0.5492	0.6096	0.9519	1.47	0.14200	0	1
main	raw	signed_m0	personal	pair	291	0.6495	0.6320	0.7116	0.7781	0.6540	0.6538	0.6633	-0.0837	0.0176	0.0074	0.0280	0.2218	0.0913	0.3614	0.1206	0.2769	-0.0044	-0.0167	0.0073	0.7334	0.7165	0.7502	0.9795	3.41	0.00100	1	1
main	raw	signed_m0	personal	veto	285	0.5805	0.5630	0.6698	0.8095	0.5996	0.5953	0.6084	-0.1699	0.0172	-0.0074	0.0412	0.1642	-0.0666	0.4089	0.0699	0.3516	-0.0195	-0.0484	0.0100	0.7504	0.7124	0.7887	0.9537	1.40	0.16100	0	1
main	raw	signed_m0	world	tau_b	966	0.2944	0.2479	0.4367	0.5390	0.2902	0.2922	0.3200	-0.1174	0.0466	0.0356	0.0571	0.2467	0.1868	0.3067	0.1601	0.2237	0.0043	-0.0094	0.0182	0.4118	0.3942	0.4294	0.9203	8.18	0.00050	1	1
main	raw	signed_m0	world	top1	966	0.4975	0.4577	0.5999	0.6762	0.4943	0.4884	0.5072	-0.0847	0.0398	0.0280	0.0511	0.2801	0.1962	0.3641	0.1821	0.2570	0.0033	-0.0107	0.0168	0.5822	0.5656	0.5997	0.9810	6.77	0.00050	1	1
main	raw	signed_m0	world	pair	966	0.6596	0.6347	0.7356	0.7911	0.6574	0.6588	0.6735	-0.0640	0.0251	0.0188	0.0311	0.2486	0.1859	0.3116	0.1604	0.2255	0.0023	-0.0051	0.0098	0.7238	0.7142	0.7332	0.9795	7.92	0.00050	1	1
main	raw	signed_m0	world	veto	285	0.5805	0.5630	0.6698	0.8095	0.5996	0.5953	0.6084	-0.1693	0.0179	-0.0056	0.0415	0.1706	-0.0515	0.4141	0.0729	0.3508	-0.0188	-0.0478	0.0100	0.7503	0.7138	0.7889	0.9552	1.48	0.14500	0	1
main	z	signed_m0	intrinsic	tau_b	966	0.6353	0.5284	0.6296	0.9974	0.6640	0.6375	0.7379	0.6276	0.1071	0.0928	0.1210	1.0605	0.8902	1.2460	0.2284	1.3436	-0.0286	-0.0456	-0.0113	0.0077	-0.0102	0.0252	0.8613	14.71	0.00050	1	1
main	z	signed_m0	intrinsic	top1	966	0.6880	0.6034	0.6813	0.9993	0.7062	0.6913	0.7678	0.6805	0.0848	0.0666	0.1028	1.1021	0.8302	1.4240	0.2141	1.3385	-0.0182	-0.0402	0.0042	0.0076	-0.0141	0.0281	0.8964	9.24	0.00050	1	1
main	z	signed_m0	intrinsic	pair	966	0.8177	0.7642	0.8148	0.9987	0.8320	0.8188	0.8689	0.8138	0.0536	0.0464	0.0606	1.0610	0.8890	1.2467	0.2284	1.3431	-0.0142	-0.0231	-0.0053	0.0039	-0.0050	0.0125	0.9411	14.30	0.00050	1	1
main	z	signed_m0	personal	tau_b	291	0.2713	0.2396	0.3943	0.5195	0.2883	0.2731	0.3048	-0.1564	0.0319	0.0121	0.0515	0.2073	0.0793	0.3361	0.1142	0.3169	-0.0168	-0.0396	0.0076	0.4282	0.3957	0.4587	0.8909	3.19	0.00300	1	1
main	z	signed_m0	personal	top1	291	0.4532	0.4343	0.5480	0.6504	0.4694	0.4635	0.4775	-0.1242	0.0186	-0.0023	0.0391	0.1656	-0.0213	0.3615	0.0864	0.3128	-0.0165	-0.0399	0.0064	0.5771	0.5446	0.6067	0.9494	1.76	0.08700	0	1
main	z	signed_m0	personal	pair	291	0.6456	0.6288	0.7120	0.7785	0.6544	0.6469	0.6631	-0.0837	0.0168	0.0055	0.0272	0.2030	0.0681	0.3337	0.1125	0.3108	-0.0089	-0.0211	0.0029	0.7293	0.7113	0.7465	0.9735	3.16	0.00200	1	1
main	z	signed_m0	personal	veto	285	0.5765	0.5580	0.6717	0.8120	0.6061	0.5829	0.6229	-0.1696	0.0180	-0.0051	0.0413	0.1602	-0.0442	0.3773	0.0710	0.4281	-0.0298	-0.0585	-0.0014	0.7459	0.7071	0.7817	0.9254	1.49	0.14900	0	1
main	z	signed_m0	world	tau_b	966	0.2914	0.2407	0.4360	0.5395	0.2888	0.2876	0.3125	-0.1174	0.0507	0.0395	0.0620	0.2593	0.2039	0.3179	0.1696	0.2451	0.0028	-0.0115	0.0166	0.4085	0.3909	0.4261	0.9330	8.91	0.00050	1	1
main	z	signed_m0	world	top1	966	0.4986	0.4531	0.6015	0.6773	0.4902	0.4863	0.5062	-0.0849	0.0455	0.0336	0.0579	0.3070	0.2241	0.3937	0.2030	0.2518	0.0082	-0.0064	0.0227	0.5833	0.5661	0.6007	0.9853	7.20	0.00050	1	1
main	z	signed_m0	world	pair	966	0.6579	0.6307	0.7352	0.7913	0.6566	0.6561	0.6691	-0.0640	0.0272	0.0213	0.0333	0.2605	0.2001	0.3204	0.1695	0.2469	0.0014	-0.0059	0.0090	0.7219	0.7117	0.7311	0.9832	8.71	0.00050	1	1
main	z	signed_m0	world	veto	285	0.5765	0.5580	0.6717	0.8120	0.6061	0.5829	0.6229	-0.1691	0.0184	-0.0050	0.0420	0.1636	-0.0442	0.3733	0.0726	0.4302	-0.0297	-0.0586	-0.0016	0.7457	0.7067	0.7826	0.9254	1.53	0.14300	0	1
