old_path	new_path	note
E02_the_plural_public_dissolved/A01_structured_plurality_or_reliability/R23_actor_vs_dyad	E02_the_plural_public_dissolved/A04_structured_plurality_or_reliability/R23_actor_vs_dyad	arc renumbered
E02_the_plural_public_dissolved/A01_structured_plurality_or_reliability/R24_regime_receipt	E02_the_plural_public_dissolved/A04_structured_plurality_or_reliability/R24_regime_receipt	arc renumbered
E02_the_plural_public_dissolved/A01_structured_plurality_or_reliability/R25_actor_dyad_sweep	E02_the_plural_public_dissolved/A04_structured_plurality_or_reliability/R25_actor_dyad_sweep	arc renumbered
E02_the_plural_public_dissolved/A01_structured_plurality_or_reliability/R26_sign_no_split	E02_the_plural_public_dissolved/A04_structured_plurality_or_reliability/R26_sign_no_split	arc renumbered
E02_the_plural_public_dissolved/A01_structured_plurality_or_reliability/R27_raw_negative_tail	E02_the_plural_public_dissolved/A04_structured_plurality_or_reliability/R27_raw_negative_tail	arc renumbered
E02_the_plural_public_dissolved/A01_structured_plurality_or_reliability/R28_multiplicative	E02_the_plural_public_dissolved/A04_structured_plurality_or_reliability/R28_multiplicative	arc renumbered
E02_the_plural_public_dissolved/A01_structured_plurality_or_reliability/R29_gold_ood	E02_the_plural_public_dissolved/A04_structured_plurality_or_reliability/R29_gold_ood	arc renumbered
E02_the_plural_public_dissolved/A01_structured_plurality_or_reliability/R30_scope_grid	E02_the_plural_public_dissolved/A04_structured_plurality_or_reliability/R30_scope_grid	arc renumbered
E02_the_plural_public_dissolved/A01_structured_plurality_or_reliability/R31_within_person	E02_the_plural_public_dissolved/A04_structured_plurality_or_reliability/R31_within_person	arc renumbered
E02_the_plural_public_dissolved/A01_structured_plurality_or_reliability/R32_channel_decomposition	E02_the_plural_public_dissolved/A04_structured_plurality_or_reliability/R32_channel_decomposition	arc renumbered
E02_the_plural_public_dissolved/A02_what_coval_core_mechanically_is/R33_core_launders_polarity	E02_the_plural_public_dissolved/A05_what_coval_core_mechanically_is/R33_core_launders_polarity	arc renumbered
E02_the_plural_public_dissolved/A02_what_coval_core_mechanically_is/R34_global_rater_crossfit	E02_the_plural_public_dissolved/A05_what_coval_core_mechanically_is/R34_global_rater_crossfit	arc renumbered
E02_the_plural_public_dissolved/A02_what_coval_core_mechanically_is/R35_polarity_abstention	E02_the_plural_public_dissolved/A05_what_coval_core_mechanically_is/R35_polarity_abstention	arc renumbered
E02_the_plural_public_dissolved/A02_what_coval_core_mechanically_is/R36_channel_shapley	E02_the_plural_public_dissolved/A05_what_coval_core_mechanically_is/R36_channel_shapley	arc renumbered
E02_the_plural_public_dissolved/A02_what_coval_core_mechanically_is/R37_leakage_topology	E02_the_plural_public_dissolved/A05_what_coval_core_mechanically_is/R37_leakage_topology	arc renumbered
E02_the_plural_public_dissolved/A03_does_the_protocol_have_the_power_it_needs/R38_human_sampling_power	E02_the_plural_public_dissolved/A06_does_the_protocol_have_the_power_it_needs/R38_human_sampling_power	arc renumbered
E02_the_plural_public_dissolved/A03_does_the_protocol_have_the_power_it_needs/R39_feature_cache	E02_the_plural_public_dissolved/A06_does_the_protocol_have_the_power_it_needs/R39_feature_cache	arc renumbered
E02_the_plural_public_dissolved/A03_does_the_protocol_have_the_power_it_needs/R40_ood_map	E02_the_plural_public_dissolved/A06_does_the_protocol_have_the_power_it_needs/R40_ood_map	arc renumbered
E02_the_plural_public_dissolved/A03_does_the_protocol_have_the_power_it_needs/R41_criterion_support	E02_the_plural_public_dissolved/A06_does_the_protocol_have_the_power_it_needs/R41_criterion_support	arc renumbered
E02_the_plural_public_dissolved/A03_does_the_protocol_have_the_power_it_needs/R42_equivalence	E02_the_plural_public_dissolved/A06_does_the_protocol_have_the_power_it_needs/R42_equivalence	arc renumbered
E02_the_plural_public_dissolved/A03_does_the_protocol_have_the_power_it_needs/R43_criterion_heterogeneity	E02_the_plural_public_dissolved/A06_does_the_protocol_have_the_power_it_needs/R43_criterion_heterogeneity	arc renumbered
E02_the_plural_public_dissolved/A03_does_the_protocol_have_the_power_it_needs/R44_compiler_lineage	E02_the_plural_public_dissolved/A06_does_the_protocol_have_the_power_it_needs/R44_compiler_lineage	arc renumbered
E02_the_plural_public_dissolved/A03_does_the_protocol_have_the_power_it_needs/R45_protocol_freeze	E02_the_plural_public_dissolved/A06_does_the_protocol_have_the_power_it_needs/R45_protocol_freeze	arc renumbered
E03_the_instrument_was_the_object/A01_can_a_local_judge_be_an_instrument/R46_spread_replication	E03_the_instrument_was_the_object/A07_can_a_local_judge_be_an_instrument/R46_spread_replication	arc renumbered
E03_the_instrument_was_the_object/A01_can_a_local_judge_be_an_instrument/R47_gold_is_length	E03_the_instrument_was_the_object/A07_can_a_local_judge_be_an_instrument/R47_gold_is_length	arc renumbered
E03_the_instrument_was_the_object/A01_can_a_local_judge_be_an_instrument/R48_provenance_identified	E03_the_instrument_was_the_object/A07_can_a_local_judge_be_an_instrument/R48_provenance_identified	arc renumbered
E03_the_instrument_was_the_object/A01_can_a_local_judge_be_an_instrument/R49_provenance_crossfit	E03_the_instrument_was_the_object/A07_can_a_local_judge_be_an_instrument/R49_provenance_crossfit	arc renumbered
E03_the_instrument_was_the_object/A01_can_a_local_judge_be_an_instrument/R50_response_anchoring	E03_the_instrument_was_the_object/A07_can_a_local_judge_be_an_instrument/R50_response_anchoring	arc renumbered
E03_the_instrument_was_the_object/A01_can_a_local_judge_be_an_instrument/R51_judge_lexical	E03_the_instrument_was_the_object/A07_can_a_local_judge_be_an_instrument/R51_judge_lexical	arc renumbered
E03_the_instrument_was_the_object/A01_can_a_local_judge_be_an_instrument/R52_overlap_intervention	E03_the_instrument_was_the_object/A07_can_a_local_judge_be_an_instrument/R52_overlap_intervention	arc renumbered
E03_the_instrument_was_the_object/A01_can_a_local_judge_be_an_instrument/R53_join_audit	E03_the_instrument_was_the_object/A07_can_a_local_judge_be_an_instrument/R53_join_audit	arc renumbered
E03_the_instrument_was_the_object/A01_can_a_local_judge_be_an_instrument/R54_overlap_transfer	E03_the_instrument_was_the_object/A07_can_a_local_judge_be_an_instrument/R54_overlap_transfer	arc renumbered
E03_the_instrument_was_the_object/A01_can_a_local_judge_be_an_instrument/R55_overlap_selectivity	E03_the_instrument_was_the_object/A07_can_a_local_judge_be_an_instrument/R55_overlap_selectivity	arc renumbered
E03_the_instrument_was_the_object/A01_can_a_local_judge_be_an_instrument/R56_semantic_selectivity	E03_the_instrument_was_the_object/A07_can_a_local_judge_be_an_instrument/R56_semantic_selectivity	arc renumbered
E03_the_instrument_was_the_object/A01_can_a_local_judge_be_an_instrument/R57_outcome_reliability	E03_the_instrument_was_the_object/A07_can_a_local_judge_be_an_instrument/R57_outcome_reliability	arc renumbered
E03_the_instrument_was_the_object/A01_can_a_local_judge_be_an_instrument/R58_equivalence_census	E03_the_instrument_was_the_object/A07_can_a_local_judge_be_an_instrument/R58_equivalence_census	arc renumbered
E03_the_instrument_was_the_object/A01_can_a_local_judge_be_an_instrument/R59_criterion_influence	E03_the_instrument_was_the_object/A07_can_a_local_judge_be_an_instrument/R59_criterion_influence	arc renumbered
E03_the_instrument_was_the_object/A02_what_floor_each_counterfactual_requires/R60_world_vs_personal	E03_the_instrument_was_the_object/A08_what_floor_each_counterfactual_requires/R60_world_vs_personal	arc renumbered
E03_the_instrument_was_the_object/A02_what_floor_each_counterfactual_requires/R61_s_pre_power	E03_the_instrument_was_the_object/A08_what_floor_each_counterfactual_requires/R61_s_pre_power	arc renumbered
E03_the_instrument_was_the_object/A02_what_floor_each_counterfactual_requires/R62_matching_floor	E03_the_instrument_was_the_object/A08_what_floor_each_counterfactual_requires/R62_matching_floor	arc renumbered
E03_the_instrument_was_the_object/A02_what_floor_each_counterfactual_requires/R63_r60_projection_audit	E03_the_instrument_was_the_object/A08_what_floor_each_counterfactual_requires/R63_r60_projection_audit	arc renumbered
E03_the_instrument_was_the_object/A02_what_floor_each_counterfactual_requires/R64_satisfaction_substudy_power	E03_the_instrument_was_the_object/A08_what_floor_each_counterfactual_requires/R64_satisfaction_substudy_power	arc renumbered
E03_the_instrument_was_the_object/A02_what_floor_each_counterfactual_requires/R65_edit_symmetry_floor	E03_the_instrument_was_the_object/A08_what_floor_each_counterfactual_requires/R65_edit_symmetry_floor	arc renumbered
E03_the_instrument_was_the_object/A02_what_floor_each_counterfactual_requires/R66_r56_reconstruction	E03_the_instrument_was_the_object/A08_what_floor_each_counterfactual_requires/R66_r56_reconstruction	arc renumbered
E03_the_instrument_was_the_object/A02_what_floor_each_counterfactual_requires/R67_predictor_reliability	E03_the_instrument_was_the_object/A08_what_floor_each_counterfactual_requires/R67_predictor_reliability	arc renumbered
E03_the_instrument_was_the_object/A02_what_floor_each_counterfactual_requires/R68_r40_predictor_reliability	E03_the_instrument_was_the_object/A08_what_floor_each_counterfactual_requires/R68_r40_predictor_reliability	arc renumbered
E03_the_instrument_was_the_object/A02_what_floor_each_counterfactual_requires/R69_r54_predictor_reliability	E03_the_instrument_was_the_object/A08_what_floor_each_counterfactual_requires/R69_r54_predictor_reliability	arc renumbered
E03_the_instrument_was_the_object/A02_what_floor_each_counterfactual_requires/R70_outcome_criterion_axis	E03_the_instrument_was_the_object/A08_what_floor_each_counterfactual_requires/R70_outcome_criterion_axis	arc renumbered
E03_the_instrument_was_the_object/A02_what_floor_each_counterfactual_requires/R71_r67_split_variance	E03_the_instrument_was_the_object/A08_what_floor_each_counterfactual_requires/R71_r67_split_variance	arc renumbered
E03_the_instrument_was_the_object/A02_what_floor_each_counterfactual_requires/R72_proxy_validity_coefficient	E03_the_instrument_was_the_object/A08_what_floor_each_counterfactual_requires/R72_proxy_validity_coefficient	arc renumbered
E03_the_instrument_was_the_object/A03_can_direction_be_read_from_text_alone/R73_direction_from_text_alone	E03_the_instrument_was_the_object/A09_can_direction_be_read_from_text_alone/R73_direction_from_text_alone	arc renumbered
E03_the_instrument_was_the_object/A03_can_direction_be_read_from_text_alone/R74_specificity_vs_exposure	E03_the_instrument_was_the_object/A09_can_direction_be_read_from_text_alone/R74_specificity_vs_exposure	arc renumbered
E03_the_instrument_was_the_object/A03_can_direction_be_read_from_text_alone/R75_menu_read_direction	E03_the_instrument_was_the_object/A09_can_direction_be_read_from_text_alone/R75_menu_read_direction	arc renumbered
E03_the_instrument_was_the_object/A03_can_direction_be_read_from_text_alone/R76_absence_cannot_overlap	E03_the_instrument_was_the_object/A09_can_direction_be_read_from_text_alone/R76_absence_cannot_overlap	arc renumbered
E03_the_instrument_was_the_object/A03_can_direction_be_read_from_text_alone/R77_topicality_control	E03_the_instrument_was_the_object/A09_can_direction_be_read_from_text_alone/R77_topicality_control	arc renumbered
E03_the_instrument_was_the_object/A03_can_direction_be_read_from_text_alone/R78_tokeniser_robustness	E03_the_instrument_was_the_object/A09_can_direction_be_read_from_text_alone/R78_tokeniser_robustness	arc renumbered
E03_the_instrument_was_the_object/A03_can_direction_be_read_from_text_alone/R79_semantic_menu_read	E03_the_instrument_was_the_object/A09_can_direction_be_read_from_text_alone/R79_semantic_menu_read	arc renumbered
E03_the_instrument_was_the_object/A03_can_direction_be_read_from_text_alone/R80_panel_freeze	E03_the_instrument_was_the_object/A09_can_direction_be_read_from_text_alone/R80_panel_freeze	arc renumbered
E03_the_instrument_was_the_object/A03_can_direction_be_read_from_text_alone/R81_stated_signal_by_length	E03_the_instrument_was_the_object/A09_can_direction_be_read_from_text_alone/R81_stated_signal_by_length	arc renumbered
E03_the_instrument_was_the_object/A03_can_direction_be_read_from_text_alone/R82_scale_use_by_provenance	E03_the_instrument_was_the_object/A09_can_direction_be_read_from_text_alone/R82_scale_use_by_provenance	arc renumbered
E03_the_instrument_was_the_object/A03_can_direction_be_read_from_text_alone/R83_low_magnitude_drop	E03_the_instrument_was_the_object/A09_can_direction_be_read_from_text_alone/R83_low_magnitude_drop	arc renumbered
E03_the_instrument_was_the_object/A03_can_direction_be_read_from_text_alone/R84_core_polarity_in_words	E03_the_instrument_was_the_object/A09_can_direction_be_read_from_text_alone/R84_core_polarity_in_words	arc renumbered
E03_the_instrument_was_the_object/A04_what_the_resampling_unit_is/R85_agreement_by_form	E03_the_instrument_was_the_object/A10_what_the_resampling_unit_is/R85_agreement_by_form	arc renumbered
E03_the_instrument_was_the_object/A04_what_the_resampling_unit_is/R86_attribution_by_form	E03_the_instrument_was_the_object/A10_what_the_resampling_unit_is/R86_attribution_by_form	arc renumbered
E03_the_instrument_was_the_object/A04_what_the_resampling_unit_is/R87_criterion_count_channel	E03_the_instrument_was_the_object/A10_what_the_resampling_unit_is/R87_criterion_count_channel	arc renumbered
E03_the_instrument_was_the_object/A04_what_the_resampling_unit_is/R88_donor_draw_variance	E03_the_instrument_was_the_object/A10_what_the_resampling_unit_is/R88_donor_draw_variance	arc renumbered
E03_the_instrument_was_the_object/A04_what_the_resampling_unit_is/R89_floor_draw_at_panel_size	E03_the_instrument_was_the_object/A10_what_the_resampling_unit_is/R89_floor_draw_at_panel_size	arc renumbered
E03_the_instrument_was_the_object/A04_what_the_resampling_unit_is/R90_resampling_unit	E03_the_instrument_was_the_object/A10_what_the_resampling_unit_is/R90_resampling_unit	arc renumbered
E03_the_instrument_was_the_object/A04_what_the_resampling_unit_is/R91_precision_budget	E03_the_instrument_was_the_object/A10_what_the_resampling_unit_is/R91_precision_budget	arc renumbered
E03_the_instrument_was_the_object/A04_what_the_resampling_unit_is/R92_writein_analysability	E03_the_instrument_was_the_object/A10_what_the_resampling_unit_is/R92_writein_analysability	arc renumbered
E03_the_instrument_was_the_object/A04_what_the_resampling_unit_is/R93_clustering_unit_transfers	E03_the_instrument_was_the_object/A10_what_the_resampling_unit_is/R93_clustering_unit_transfers	arc renumbered
E03_the_instrument_was_the_object/A04_what_the_resampling_unit_is/R94_donor_averaging_at_frame_size	E03_the_instrument_was_the_object/A10_what_the_resampling_unit_is/R94_donor_averaging_at_frame_size	arc renumbered
E03_the_instrument_was_the_object/A04_what_the_resampling_unit_is/R95_layer_separability	E03_the_instrument_was_the_object/A10_what_the_resampling_unit_is/R95_layer_separability	arc renumbered
E03_the_instrument_was_the_object/A04_what_the_resampling_unit_is/R96_separability_resolved	E03_the_instrument_was_the_object/A10_what_the_resampling_unit_is/R96_separability_resolved	arc renumbered
E03_the_instrument_was_the_object/A04_what_the_resampling_unit_is/R97_rule_tournament_tost	E03_the_instrument_was_the_object/A10_what_the_resampling_unit_is/R97_rule_tournament_tost	arc renumbered
E03_the_instrument_was_the_object/A04_what_the_resampling_unit_is/R98_unverified_triage	E03_the_instrument_was_the_object/A10_what_the_resampling_unit_is/R98_unverified_triage	arc renumbered
E03_the_instrument_was_the_object/A04_what_the_resampling_unit_is/R99_harvester_pairing	E03_the_instrument_was_the_object/A10_what_the_resampling_unit_is/R99_harvester_pairing	arc renumbered
E03_the_instrument_was_the_object/A05_how_wide_every_interval_really_is/R100_rater_reliability	E03_the_instrument_was_the_object/A11_how_wide_every_interval_really_is/R100_rater_reliability	arc renumbered
E03_the_instrument_was_the_object/A05_how_wide_every_interval_really_is/R101_reliability_offset	E03_the_instrument_was_the_object/A11_how_wide_every_interval_really_is/R101_reliability_offset	arc renumbered
E03_the_instrument_was_the_object/A05_how_wide_every_interval_really_is/R102_margin_calibration	E03_the_instrument_was_the_object/A11_how_wide_every_interval_really_is/R102_margin_calibration	arc renumbered
E03_the_instrument_was_the_object/A05_how_wide_every_interval_really_is/R103_consensus_conditioned	E03_the_instrument_was_the_object/A11_how_wide_every_interval_really_is/R103_consensus_conditioned	arc renumbered
E03_the_instrument_was_the_object/A05_how_wide_every_interval_really_is/R104_deattenuated_consensus	E03_the_instrument_was_the_object/A11_how_wide_every_interval_really_is/R104_deattenuated_consensus	arc renumbered
E03_the_instrument_was_the_object/A05_how_wide_every_interval_really_is/R105_specific_share_invariance	E03_the_instrument_was_the_object/A11_how_wide_every_interval_really_is/R105_specific_share_invariance	arc renumbered
E03_the_instrument_was_the_object/A05_how_wide_every_interval_really_is/R106_share_level_under_redraw	E03_the_instrument_was_the_object/A11_how_wide_every_interval_really_is/R106_share_level_under_redraw	arc renumbered
E03_the_instrument_was_the_object/A05_how_wide_every_interval_really_is/R107_joint_resample	E03_the_instrument_was_the_object/A11_how_wide_every_interval_really_is/R107_joint_resample	arc renumbered
E03_the_instrument_was_the_object/A05_how_wide_every_interval_really_is/R108_coinflip_stratum	E03_the_instrument_was_the_object/A11_how_wide_every_interval_really_is/R108_coinflip_stratum	arc renumbered
E03_the_instrument_was_the_object/A05_how_wide_every_interval_really_is/R109_donor_arm_is_text_blind	E03_the_instrument_was_the_object/A11_how_wide_every_interval_really_is/R109_donor_arm_is_text_blind	arc renumbered
E04_no_fraction_only_an_equivalence_class/A01_who_pays_for_compilation/R110_rater_component	E04_no_fraction_only_an_equivalence_class/A12_who_pays_for_compilation/R110_rater_component	arc renumbered
E04_no_fraction_only_an_equivalence_class/A01_who_pays_for_compilation/R111_alpha_confound	E04_no_fraction_only_an_equivalence_class/A12_who_pays_for_compilation/R111_alpha_confound	arc renumbered
E04_no_fraction_only_an_equivalence_class/A01_who_pays_for_compilation/R112_value_idiosyncrasy	E04_no_fraction_only_an_equivalence_class/A12_who_pays_for_compilation/R112_value_idiosyncrasy	arc renumbered
E04_no_fraction_only_an_equivalence_class/A01_who_pays_for_compilation/R113_accuracy_matched_arm	E04_no_fraction_only_an_equivalence_class/A12_who_pays_for_compilation/R113_accuracy_matched_arm	arc renumbered
E04_no_fraction_only_an_equivalence_class/A01_who_pays_for_compilation/R114_demographic_subject	E04_no_fraction_only_an_equivalence_class/A12_who_pays_for_compilation/R114_demographic_subject	arc renumbered
E04_no_fraction_only_an_equivalence_class/A01_who_pays_for_compilation/R115_shrink_is_one_parameter	E04_no_fraction_only_an_equivalence_class/A12_who_pays_for_compilation/R115_shrink_is_one_parameter	arc renumbered
E04_no_fraction_only_an_equivalence_class/A01_who_pays_for_compilation/R116_no_invisible_sacrifice	E04_no_fraction_only_an_equivalence_class/A12_who_pays_for_compilation/R116_no_invisible_sacrifice	arc renumbered
E04_no_fraction_only_an_equivalence_class/A01_who_pays_for_compilation/R117_multidimensional_sacrifice	E04_no_fraction_only_an_equivalence_class/A12_who_pays_for_compilation/R117_multidimensional_sacrifice	arc renumbered
E04_no_fraction_only_an_equivalence_class/A01_who_pays_for_compilation/R118_sacrifice_factorial	E04_no_fraction_only_an_equivalence_class/A12_who_pays_for_compilation/R118_sacrifice_factorial	arc renumbered
E04_no_fraction_only_an_equivalence_class/A01_who_pays_for_compilation/R119_rigor_axis	E04_no_fraction_only_an_equivalence_class/A12_who_pays_for_compilation/R119_rigor_axis	arc renumbered
E04_no_fraction_only_an_equivalence_class/A01_who_pays_for_compilation/R120_cell_calibration	E04_no_fraction_only_an_equivalence_class/A12_who_pays_for_compilation/R120_cell_calibration	arc renumbered
E04_no_fraction_only_an_equivalence_class/A01_who_pays_for_compilation/R121_is_the_advantage_the_metric	E04_no_fraction_only_an_equivalence_class/A12_who_pays_for_compilation/R121_is_the_advantage_the_metric	arc renumbered
E04_no_fraction_only_an_equivalence_class/A01_who_pays_for_compilation/R122_metric_gauge_grid	E04_no_fraction_only_an_equivalence_class/A12_who_pays_for_compilation/R122_metric_gauge_grid	arc renumbered
E04_no_fraction_only_an_equivalence_class/A01_who_pays_for_compilation/R123_the_baseline_was_crippled	E04_no_fraction_only_an_equivalence_class/A12_who_pays_for_compilation/R123_the_baseline_was_crippled	arc renumbered
E04_no_fraction_only_an_equivalence_class/A01_who_pays_for_compilation/R124_negative_quarter	E04_no_fraction_only_an_equivalence_class/A12_who_pays_for_compilation/R124_negative_quarter	arc renumbered
E04_no_fraction_only_an_equivalence_class/A01_who_pays_for_compilation/R125_weight_discard	E04_no_fraction_only_an_equivalence_class/A12_who_pays_for_compilation/R125_weight_discard	arc renumbered
E04_no_fraction_only_an_equivalence_class/A01_who_pays_for_compilation/R126_sham_ladder	E04_no_fraction_only_an_equivalence_class/A12_who_pays_for_compilation/R126_sham_ladder	arc renumbered
E04_no_fraction_only_an_equivalence_class/A01_who_pays_for_compilation/R127_whose_sign	E04_no_fraction_only_an_equivalence_class/A12_who_pays_for_compilation/R127_whose_sign	arc renumbered
E04_no_fraction_only_an_equivalence_class/A01_who_pays_for_compilation/R128_style_or_content	E04_no_fraction_only_an_equivalence_class/A12_who_pays_for_compilation/R128_style_or_content	arc renumbered
E04_no_fraction_only_an_equivalence_class/A01_who_pays_for_compilation/R129_contested_criteria	E04_no_fraction_only_an_equivalence_class/A12_who_pays_for_compilation/R129_contested_criteria	arc renumbered
E04_no_fraction_only_an_equivalence_class/A01_who_pays_for_compilation/R130_judge_gauge	E04_no_fraction_only_an_equivalence_class/A12_who_pays_for_compilation/R130_judge_gauge	arc renumbered
E04_no_fraction_only_an_equivalence_class/A01_who_pays_for_compilation/R131_who_is_served	E04_no_fraction_only_an_equivalence_class/A12_who_pays_for_compilation/R131_who_is_served	arc renumbered
E04_no_fraction_only_an_equivalence_class/A01_who_pays_for_compilation/R132_verbatim_adjudication	E04_no_fraction_only_an_equivalence_class/A12_who_pays_for_compilation/R132_verbatim_adjudication	arc renumbered
E04_no_fraction_only_an_equivalence_class/A01_who_pays_for_compilation/R133_the_veto	E04_no_fraction_only_an_equivalence_class/A12_who_pays_for_compilation/R133_the_veto	arc renumbered
E04_no_fraction_only_an_equivalence_class/A01_who_pays_for_compilation/R134_do_ratings_individuate	E04_no_fraction_only_an_equivalence_class/A12_who_pays_for_compilation/R134_do_ratings_individuate	arc renumbered
E04_no_fraction_only_an_equivalence_class/A01_who_pays_for_compilation/R135_which_target	E04_no_fraction_only_an_equivalence_class/A12_who_pays_for_compilation/R135_which_target	arc renumbered
E04_no_fraction_only_an_equivalence_class/A01_who_pays_for_compilation/R136_held_out_confirmation	E04_no_fraction_only_an_equivalence_class/A12_who_pays_for_compilation/R136_held_out_confirmation	arc renumbered
E04_no_fraction_only_an_equivalence_class/A01_who_pays_for_compilation/R137_batch_gauge	E04_no_fraction_only_an_equivalence_class/A12_who_pays_for_compilation/R137_batch_gauge	arc renumbered
E04_no_fraction_only_an_equivalence_class/A01_who_pays_for_compilation/R138_is_there_a_standard	E04_no_fraction_only_an_equivalence_class/A12_who_pays_for_compilation/R138_is_there_a_standard	arc renumbered
E04_no_fraction_only_an_equivalence_class/A01_who_pays_for_compilation/R140_polarity_without_the_judge	E04_no_fraction_only_an_equivalence_class/A12_who_pays_for_compilation/R140_polarity_without_the_judge	arc renumbered
E04_no_fraction_only_an_equivalence_class/A01_who_pays_for_compilation/R141_verification	E04_no_fraction_only_an_equivalence_class/A12_who_pays_for_compilation/R141_verification	arc renumbered
E04_no_fraction_only_an_equivalence_class/A02_the_chain_from_a_person_to_the_standard/R142_provenance_recovery	E04_no_fraction_only_an_equivalence_class/A13_the_chain_from_a_person_to_the_standard/R142_provenance_recovery	arc renumbered
E04_no_fraction_only_an_equivalence_class/A02_the_chain_from_a_person_to_the_standard/R143_flagship	E04_no_fraction_only_an_equivalence_class/A13_the_chain_from_a_person_to_the_standard/R143_flagship	arc renumbered
E04_no_fraction_only_an_equivalence_class/A02_the_chain_from_a_person_to_the_standard/R144_information_loss	E04_no_fraction_only_an_equivalence_class/A13_the_chain_from_a_person_to_the_standard/R144_information_loss	arc renumbered
E04_no_fraction_only_an_equivalence_class/A02_the_chain_from_a_person_to_the_standard/R145_who_is_unserved	E04_no_fraction_only_an_equivalence_class/A13_the_chain_from_a_person_to_the_standard/R145_who_is_unserved	arc renumbered
E04_no_fraction_only_an_equivalence_class/A02_the_chain_from_a_person_to_the_standard/R146_does_compilation_add	E04_no_fraction_only_an_equivalence_class/A13_the_chain_from_a_person_to_the_standard/R146_does_compilation_add	arc renumbered
E04_no_fraction_only_an_equivalence_class/A02_the_chain_from_a_person_to_the_standard/R147_tracking_vs_serving	E04_no_fraction_only_an_equivalence_class/A13_the_chain_from_a_person_to_the_standard/R147_tracking_vs_serving	arc renumbered
E04_no_fraction_only_an_equivalence_class/A02_the_chain_from_a_person_to_the_standard/R148_departure_from_the_line	E04_no_fraction_only_an_equivalence_class/A13_the_chain_from_a_person_to_the_standard/R148_departure_from_the_line	arc renumbered
E04_no_fraction_only_an_equivalence_class/A02_the_chain_from_a_person_to_the_standard/R149_price_of_inclusion	E04_no_fraction_only_an_equivalence_class/A13_the_chain_from_a_person_to_the_standard/R149_price_of_inclusion	arc renumbered
E04_no_fraction_only_an_equivalence_class/A02_the_chain_from_a_person_to_the_standard/R150_does_the_veto_do_anything	E04_no_fraction_only_an_equivalence_class/A13_the_chain_from_a_person_to_the_standard/R150_does_the_veto_do_anything	arc renumbered
E04_no_fraction_only_an_equivalence_class/A02_the_chain_from_a_person_to_the_standard/R151_none_of_the_above	E04_no_fraction_only_an_equivalence_class/A13_the_chain_from_a_person_to_the_standard/R151_none_of_the_above	arc renumbered
E04_no_fraction_only_an_equivalence_class/A02_the_chain_from_a_person_to_the_standard/R152_what_fails_the_menu	E04_no_fraction_only_an_equivalence_class/A13_the_chain_from_a_person_to_the_standard/R152_what_fails_the_menu	arc renumbered
E04_no_fraction_only_an_equivalence_class/A02_the_chain_from_a_person_to_the_standard/R153_the_menu_itself	E04_no_fraction_only_an_equivalence_class/A13_the_chain_from_a_person_to_the_standard/R153_the_menu_itself	arc renumbered
E04_no_fraction_only_an_equivalence_class/A02_the_chain_from_a_person_to_the_standard/R154_the_empty_list	E04_no_fraction_only_an_equivalence_class/A13_the_chain_from_a_person_to_the_standard/R154_the_empty_list	arc renumbered
E04_no_fraction_only_an_equivalence_class/A02_the_chain_from_a_person_to_the_standard/R155_does_the_weight_matter	E04_no_fraction_only_an_equivalence_class/A13_the_chain_from_a_person_to_the_standard/R155_does_the_weight_matter	arc renumbered
E04_no_fraction_only_an_equivalence_class/A02_the_chain_from_a_person_to_the_standard/R156_the_compression_curve	E04_no_fraction_only_an_equivalence_class/A13_the_chain_from_a_person_to_the_standard/R156_the_compression_curve	arc renumbered
E04_no_fraction_only_an_equivalence_class/A02_the_chain_from_a_person_to_the_standard/R157_is_it_a_quality_detector	E04_no_fraction_only_an_equivalence_class/A13_the_chain_from_a_person_to_the_standard/R157_is_it_a_quality_detector	arc renumbered
E04_no_fraction_only_an_equivalence_class/A02_the_chain_from_a_person_to_the_standard/R158_the_rewriting_itself	E04_no_fraction_only_an_equivalence_class/A13_the_chain_from_a_person_to_the_standard/R158_the_rewriting_itself	arc renumbered
E04_no_fraction_only_an_equivalence_class/A02_the_chain_from_a_person_to_the_standard/R159_which_outcome	E04_no_fraction_only_an_equivalence_class/A13_the_chain_from_a_person_to_the_standard/R159_which_outcome	arc renumbered
E04_no_fraction_only_an_equivalence_class/A02_the_chain_from_a_person_to_the_standard/R160_out_of_sample	E04_no_fraction_only_an_equivalence_class/A13_the_chain_from_a_person_to_the_standard/R160_out_of_sample	arc renumbered
E04_no_fraction_only_an_equivalence_class/A02_the_chain_from_a_person_to_the_standard/R161_the_join_underneath	E04_no_fraction_only_an_equivalence_class/A13_the_chain_from_a_person_to_the_standard/R161_the_join_underneath	arc renumbered
E04_no_fraction_only_an_equivalence_class/A02_the_chain_from_a_person_to_the_standard/R162_whose_ranking	E04_no_fraction_only_an_equivalence_class/A13_the_chain_from_a_person_to_the_standard/R162_whose_ranking	arc renumbered
E04_no_fraction_only_an_equivalence_class/A02_the_chain_from_a_person_to_the_standard/R164_instrument	E04_no_fraction_only_an_equivalence_class/A13_the_chain_from_a_person_to_the_standard/R164_instrument	arc renumbered
E04_no_fraction_only_an_equivalence_class/A02_the_chain_from_a_person_to_the_standard/R165_gauge_admissibility	E04_no_fraction_only_an_equivalence_class/A13_the_chain_from_a_person_to_the_standard/R165_gauge_admissibility	arc renumbered
E04_no_fraction_only_an_equivalence_class/A03_do_our_own_claims_survive_an_adversary/R166_defect_census	E04_no_fraction_only_an_equivalence_class/A14_do_our_own_claims_survive_an_adversary/R166_defect_census	arc renumbered
E04_no_fraction_only_an_equivalence_class/A03_do_our_own_claims_survive_an_adversary/R167_census_wave2	E04_no_fraction_only_an_equivalence_class/A14_do_our_own_claims_survive_an_adversary/R167_census_wave2	arc renumbered
E04_no_fraction_only_an_equivalence_class/A03_do_our_own_claims_survive_an_adversary/R168_census_wave3	E04_no_fraction_only_an_equivalence_class/A14_do_our_own_claims_survive_an_adversary/R168_census_wave3	arc renumbered
E04_no_fraction_only_an_equivalence_class/A03_do_our_own_claims_survive_an_adversary/R169_census_wave4	E04_no_fraction_only_an_equivalence_class/A14_do_our_own_claims_survive_an_adversary/R169_census_wave4	arc renumbered
E04_no_fraction_only_an_equivalence_class/A03_do_our_own_claims_survive_an_adversary/R170_census_wave5	E04_no_fraction_only_an_equivalence_class/A14_do_our_own_claims_survive_an_adversary/R170_census_wave5	arc renumbered
E04_no_fraction_only_an_equivalence_class/A03_do_our_own_claims_survive_an_adversary/R171_card_vs_artefact	E04_no_fraction_only_an_equivalence_class/A14_do_our_own_claims_survive_an_adversary/R171_card_vs_artefact	arc renumbered
E04_no_fraction_only_an_equivalence_class/A03_do_our_own_claims_survive_an_adversary/R172_what_was_withheld	E04_no_fraction_only_an_equivalence_class/A14_do_our_own_claims_survive_an_adversary/R172_what_was_withheld	arc renumbered
E04_no_fraction_only_an_equivalence_class/A03_do_our_own_claims_survive_an_adversary/R173_why_people_veto	E04_no_fraction_only_an_equivalence_class/A14_do_our_own_claims_survive_an_adversary/R173_why_people_veto	arc renumbered
E04_no_fraction_only_an_equivalence_class/A03_do_our_own_claims_survive_an_adversary/R174_did_the_second_question_collect_anything	E04_no_fraction_only_an_equivalence_class/A14_do_our_own_claims_survive_an_adversary/R174_did_the_second_question_collect_anything	arc renumbered
E04_no_fraction_only_an_equivalence_class/A03_do_our_own_claims_survive_an_adversary/R175_my_own_defect_list	E04_no_fraction_only_an_equivalence_class/A14_do_our_own_claims_survive_an_adversary/R175_my_own_defect_list	arc renumbered
E04_no_fraction_only_an_equivalence_class/A03_do_our_own_claims_survive_an_adversary/R176_nonconflicting_nonredundant	E04_no_fraction_only_an_equivalence_class/A14_do_our_own_claims_survive_an_adversary/R176_nonconflicting_nonredundant	arc renumbered
E04_no_fraction_only_an_equivalence_class/A03_do_our_own_claims_survive_an_adversary/R177_the_response_side	E04_no_fraction_only_an_equivalence_class/A14_do_our_own_claims_survive_an_adversary/R177_the_response_side	arc renumbered
E04_no_fraction_only_an_equivalence_class/A03_do_our_own_claims_survive_an_adversary/R178_rubric_versus_length	E04_no_fraction_only_an_equivalence_class/A14_do_our_own_claims_survive_an_adversary/R178_rubric_versus_length	arc renumbered
E04_no_fraction_only_an_equivalence_class/A03_do_our_own_claims_survive_an_adversary/R179_against_the_ceiling	E04_no_fraction_only_an_equivalence_class/A14_do_our_own_claims_survive_an_adversary/R179_against_the_ceiling	arc renumbered
E04_no_fraction_only_an_equivalence_class/A03_do_our_own_claims_survive_an_adversary/R180_is_the_disagreement_a_person	E04_no_fraction_only_an_equivalence_class/A14_do_our_own_claims_survive_an_adversary/R180_is_the_disagreement_a_person	arc renumbered
E04_no_fraction_only_an_equivalence_class/A03_do_our_own_claims_survive_an_adversary/R181_whose_criteria_survive	E04_no_fraction_only_an_equivalence_class/A14_do_our_own_claims_survive_an_adversary/R181_whose_criteria_survive	arc renumbered
E04_no_fraction_only_an_equivalence_class/A03_do_our_own_claims_survive_an_adversary/R182_who_dissents	E04_no_fraction_only_an_equivalence_class/A14_do_our_own_claims_survive_an_adversary/R182_who_dissents	arc renumbered
E04_no_fraction_only_an_equivalence_class/A03_do_our_own_claims_survive_an_adversary/R183_does_any_attribute_mark_a_bloc	E04_no_fraction_only_an_equivalence_class/A14_do_our_own_claims_survive_an_adversary/R183_does_any_attribute_mark_a_bloc	arc renumbered
E04_no_fraction_only_an_equivalence_class/A03_do_our_own_claims_survive_an_adversary/R184_two_poles_or_two_islands	E04_no_fraction_only_an_equivalence_class/A14_do_our_own_claims_survive_an_adversary/R184_two_poles_or_two_islands	arc renumbered
E04_no_fraction_only_an_equivalence_class/A03_do_our_own_claims_survive_an_adversary/R185_country_or_consistency	E04_no_fraction_only_an_equivalence_class/A14_do_our_own_claims_survive_an_adversary/R185_country_or_consistency	arc renumbered
E04_no_fraction_only_an_equivalence_class/A03_do_our_own_claims_survive_an_adversary/R186_what_do_the_blocs_want	E04_no_fraction_only_an_equivalence_class/A14_do_our_own_claims_survive_an_adversary/R186_what_do_the_blocs_want	arc renumbered
E04_no_fraction_only_an_equivalence_class/A03_do_our_own_claims_survive_an_adversary/R187_post_hoc_rationalisation	E04_no_fraction_only_an_equivalence_class/A14_do_our_own_claims_survive_an_adversary/R187_post_hoc_rationalisation	arc renumbered
E04_no_fraction_only_an_equivalence_class/A03_do_our_own_claims_survive_an_adversary/R188_does_compilation_keep_the_rationalisations	E04_no_fraction_only_an_equivalence_class/A14_do_our_own_claims_survive_an_adversary/R188_does_compilation_keep_the_rationalisations	arc renumbered
E04_no_fraction_only_an_equivalence_class/A03_do_our_own_claims_survive_an_adversary/R189_does_the_rewrite_preserve_direction	E04_no_fraction_only_an_equivalence_class/A14_do_our_own_claims_survive_an_adversary/R189_does_the_rewrite_preserve_direction	arc renumbered
E04_no_fraction_only_an_equivalence_class/A03_do_our_own_claims_survive_an_adversary/R190_would_anyone_ask_this	E04_no_fraction_only_an_equivalence_class/A14_do_our_own_claims_survive_an_adversary/R190_would_anyone_ask_this	arc renumbered
E04_no_fraction_only_an_equivalence_class/A03_do_our_own_claims_survive_an_adversary/R191_do_the_strata_describe_the_prompt	E04_no_fraction_only_an_equivalence_class/A14_do_our_own_claims_survive_an_adversary/R191_do_the_strata_describe_the_prompt	arc renumbered
E04_no_fraction_only_an_equivalence_class/A03_do_our_own_claims_survive_an_adversary/R192_is_the_veto_about_the_responses	E04_no_fraction_only_an_equivalence_class/A14_do_our_own_claims_survive_an_adversary/R192_is_the_veto_about_the_responses	arc renumbered
E04_no_fraction_only_an_equivalence_class/A03_do_our_own_claims_survive_an_adversary/R193_what_gets_flagged	E04_no_fraction_only_an_equivalence_class/A14_do_our_own_claims_survive_an_adversary/R193_what_gets_flagged	arc renumbered
E04_no_fraction_only_an_equivalence_class/A03_do_our_own_claims_survive_an_adversary/R194_one_variable_or_two	E04_no_fraction_only_an_equivalence_class/A14_do_our_own_claims_survive_an_adversary/R194_one_variable_or_two	arc renumbered
E04_no_fraction_only_an_equivalence_class/A03_do_our_own_claims_survive_an_adversary/R195_why_r191_and_r194_disagreed	E04_no_fraction_only_an_equivalence_class/A14_do_our_own_claims_survive_an_adversary/R195_why_r191_and_r194_disagreed	arc renumbered
E04_no_fraction_only_an_equivalence_class/A03_do_our_own_claims_survive_an_adversary/R196_reweighting_the_headline	E04_no_fraction_only_an_equivalence_class/A14_do_our_own_claims_survive_an_adversary/R196_reweighting_the_headline	arc renumbered
E04_no_fraction_only_an_equivalence_class/A03_do_our_own_claims_survive_an_adversary/R197_population_audit	E04_no_fraction_only_an_equivalence_class/A14_do_our_own_claims_survive_an_adversary/R197_population_audit	arc renumbered
E04_no_fraction_only_an_equivalence_class/A03_do_our_own_claims_survive_an_adversary/R198_attack_the_guard	E04_no_fraction_only_an_equivalence_class/A14_do_our_own_claims_survive_an_adversary/R198_attack_the_guard	arc renumbered
E04_no_fraction_only_an_equivalence_class/A03_do_our_own_claims_survive_an_adversary/R200_which_rounds_left_a_trace	E04_no_fraction_only_an_equivalence_class/A14_do_our_own_claims_survive_an_adversary/R200_which_rounds_left_a_trace	arc renumbered
E04_no_fraction_only_an_equivalence_class/A03_do_our_own_claims_survive_an_adversary/R201_is_the_fairness_result_one_prompt	E04_no_fraction_only_an_equivalence_class/A14_do_our_own_claims_survive_an_adversary/R201_is_the_fairness_result_one_prompt	arc renumbered
E04_no_fraction_only_an_equivalence_class/A03_do_our_own_claims_survive_an_adversary/R202_attack_the_standing_claims	E04_no_fraction_only_an_equivalence_class/A14_do_our_own_claims_survive_an_adversary/R202_attack_the_standing_claims	arc renumbered
E04_no_fraction_only_an_equivalence_class/A03_do_our_own_claims_survive_an_adversary/R203_what_can_even_be_attacked	E04_no_fraction_only_an_equivalence_class/A14_do_our_own_claims_survive_an_adversary/R203_what_can_even_be_attacked	arc renumbered
E04_no_fraction_only_an_equivalence_class/A03_do_our_own_claims_survive_an_adversary/R204_the_nulls_need_power_not_jackknives	E04_no_fraction_only_an_equivalence_class/A14_do_our_own_claims_survive_an_adversary/R204_the_nulls_need_power_not_jackknives	arc renumbered
E04_no_fraction_only_an_equivalence_class/A03_do_our_own_claims_survive_an_adversary/R205_mdes_for_the_three_unresolved_nulls	E04_no_fraction_only_an_equivalence_class/A14_do_our_own_claims_survive_an_adversary/R205_mdes_for_the_three_unresolved_nulls	arc renumbered
E04_no_fraction_only_an_equivalence_class/A04_is_the_detection_design_well_defined/R206_the_whole_chain_N_to_Y	E04_no_fraction_only_an_equivalence_class/A15_is_the_detection_design_well_defined_and_checkable/R206_the_whole_chain_N_to_Y	arc renumbered
E04_no_fraction_only_an_equivalence_class/A04_is_the_detection_design_well_defined/R207_detection_matrix	E04_no_fraction_only_an_equivalence_class/A15_is_the_detection_design_well_defined_and_checkable/R207_detection_matrix	arc renumbered
E04_no_fraction_only_an_equivalence_class/A04_is_the_detection_design_well_defined/R208_welldefinedness	E04_no_fraction_only_an_equivalence_class/A15_is_the_detection_design_well_defined_and_checkable/R208_welldefinedness	arc renumbered
E04_no_fraction_only_an_equivalence_class/A04_is_the_detection_design_well_defined/R209_repaired_design	E04_no_fraction_only_an_equivalence_class/A15_is_the_detection_design_well_defined_and_checkable/R209_repaired_design	arc renumbered
E04_no_fraction_only_an_equivalence_class/A04_is_the_detection_design_well_defined/R210_attack_the_matrix	E04_no_fraction_only_an_equivalence_class/A15_is_the_detection_design_well_defined_and_checkable/R210_attack_the_matrix	arc renumbered
E04_no_fraction_only_an_equivalence_class/A04_is_the_detection_design_well_defined/R211_attack_the_readout	E04_no_fraction_only_an_equivalence_class/A15_is_the_detection_design_well_defined_and_checkable/R211_attack_the_readout	arc renumbered
E04_no_fraction_only_an_equivalence_class/A04_is_the_detection_design_well_defined/R212_rebuilt_on_decisions	E04_no_fraction_only_an_equivalence_class/A15_is_the_detection_design_well_defined_and_checkable/R212_rebuilt_on_decisions	arc renumbered
E04_no_fraction_only_an_equivalence_class/A04_is_the_detection_design_well_defined/R213_gauge	E04_no_fraction_only_an_equivalence_class/A15_is_the_detection_design_well_defined_and_checkable/R213_gauge	arc renumbered
E04_no_fraction_only_an_equivalence_class/A04_is_the_detection_design_well_defined/R214_head_to_head	E04_no_fraction_only_an_equivalence_class/A15_is_the_detection_design_well_defined_and_checkable/R214_head_to_head	arc renumbered
E04_no_fraction_only_an_equivalence_class/A04_is_the_detection_design_well_defined/R215_remaining	E04_no_fraction_only_an_equivalence_class/A15_is_the_detection_design_well_defined_and_checkable/R215_remaining	arc renumbered
E04_no_fraction_only_an_equivalence_class/A04_is_the_detection_design_well_defined/R216_derivation	E04_no_fraction_only_an_equivalence_class/A15_is_the_detection_design_well_defined_and_checkable/R216_derivation	arc renumbered
E04_no_fraction_only_an_equivalence_class/A04_is_the_detection_design_well_defined/R217_full	E04_no_fraction_only_an_equivalence_class/A15_is_the_detection_design_well_defined_and_checkable/R217_full	arc renumbered
E04_no_fraction_only_an_equivalence_class/A04_is_the_detection_design_well_defined/R218_gaps	E04_no_fraction_only_an_equivalence_class/A15_is_the_detection_design_well_defined_and_checkable/R218_gaps	arc renumbered
E04_no_fraction_only_an_equivalence_class/A05_can_a_stranger_check_it/R219_candidate_definitions	E04_no_fraction_only_an_equivalence_class/A15_is_the_detection_design_well_defined_and_checkable/R219_candidate_definitions	arc renumbered
E05_the_space_of_compilers/A01_is_our_own_compiler_better/R220_compiler_tournament	E05_the_space_of_compilers/A16_what_a_compiler_is_and_what_its_operations_cost/R220_compiler_tournament	arc renumbered
E05_the_space_of_compilers/A02_does_decision_fitting_select_norms_or_the_proxy/R221_contamination	E05_the_space_of_compilers/A16_what_a_compiler_is_and_what_its_operations_cost/R221_contamination	arc renumbered
E05_the_space_of_compilers/A03_what_each_compiler_operation_costs/R222_factorial	E05_the_space_of_compilers/A16_what_a_compiler_is_and_what_its_operations_cost/R222_factorial	arc renumbered
E05_the_space_of_compilers/A03_what_each_compiler_operation_costs/R223_the_textual_half	E05_the_space_of_compilers/A16_what_a_compiler_is_and_what_its_operations_cost/R223_the_textual_half	arc renumbered
E05_the_space_of_compilers/A04_which_definitions_of_core_are_identifiable/R224_the_identifiability_bound	E05_the_space_of_compilers/A17_which_definitions_of_core_are_identifiable/R224_the_identifiability_bound	arc renumbered
E05_the_space_of_compilers/A04_which_definitions_of_core_are_identifiable/R225_do_raters_add_bits	E05_the_space_of_compilers/A17_which_definitions_of_core_are_identifiable/R225_do_raters_add_bits	arc renumbered
E05_the_space_of_compilers/A04_which_definitions_of_core_are_identifiable/R226_pricing_the_observable	E05_the_space_of_compilers/A17_which_definitions_of_core_are_identifiable/R226_pricing_the_observable	arc renumbered
E05_the_space_of_compilers/A04_which_definitions_of_core_are_identifiable/R227_two_currencies	E05_the_space_of_compilers/A17_which_definitions_of_core_are_identifiable/R227_two_currencies	arc renumbered
E05_the_space_of_compilers/A04_which_definitions_of_core_are_identifiable/R228_the_largest_core_this_release_can_carry	E05_the_space_of_compilers/A17_which_definitions_of_core_are_identifiable/R228_the_largest_core_this_release_can_carry	arc renumbered
E05_the_space_of_compilers/A04_which_definitions_of_core_are_identifiable/R230_the_class_not_the_member	E05_the_space_of_compilers/A17_which_definitions_of_core_are_identifiable/R230_the_class_not_the_member	arc renumbered
E05_the_space_of_compilers/A04_which_definitions_of_core_are_identifiable/R231_the_official_cores_class	E05_the_space_of_compilers/A17_which_definitions_of_core_are_identifiable/R231_the_official_cores_class	arc renumbered
E05_the_space_of_compilers/A04_which_definitions_of_core_are_identifiable/R237_the_noisy_channel_bound	E05_the_space_of_compilers/A17_which_definitions_of_core_are_identifiable/R237_the_noisy_channel_bound	arc renumbered
E05_the_space_of_compilers/A04_which_definitions_of_core_are_identifiable/R239_global_vs_per_prompt	E05_the_space_of_compilers/A17_which_definitions_of_core_are_identifiable/R239_global_vs_per_prompt	arc renumbered
E05_the_space_of_compilers/A07_the_candidate_set_wall_was_wrong/R233_fresh_candidate_transport	E05_the_space_of_compilers/A18_the_candidate_set_wall_was_wrong/R233_fresh_candidate_transport	arc renumbered
E05_the_space_of_compilers/A07_the_candidate_set_wall_was_wrong/R238_difficulty_matched	E05_the_space_of_compilers/A18_the_candidate_set_wall_was_wrong/R238_difficulty_matched	arc renumbered
E05_the_space_of_compilers/A07_the_candidate_set_wall_was_wrong/R241_find_a_valid_stratifier	E05_the_space_of_compilers/A18_the_candidate_set_wall_was_wrong/R241_find_a_valid_stratifier	arc renumbered
E05_the_space_of_compilers/A08_triple_blind/R234_independent_A	E05_the_space_of_compilers/A19_triple_blind/R234_independent_A	arc renumbered
E05_the_space_of_compilers/A08_triple_blind/R235_independent_B	E05_the_space_of_compilers/A19_triple_blind/R235_independent_B	arc renumbered
E05_the_space_of_compilers/A08_triple_blind/R243_the_assumption_they_differ_on	E05_the_space_of_compilers/A19_triple_blind/R243_the_assumption_they_differ_on	arc renumbered
E05_the_space_of_compilers/A10_is_a_global_core_real/R240_fit_a_global_core	E05_the_space_of_compilers/A20_is_a_global_core_real/R240_fit_a_global_core	arc renumbered
E05_the_space_of_compilers/A10_is_a_global_core_real/R246_is_it_a_modal_class_predictor	E05_the_space_of_compilers/A20_is_a_global_core_real/R246_is_it_a_modal_class_predictor	arc renumbered
E05_the_space_of_compilers/A10_is_a_global_core_real/R247_is_the_selection_doing_the_work	E05_the_space_of_compilers/A20_is_a_global_core_real/R247_is_the_selection_doing_the_work	arc renumbered
E05_the_space_of_compilers/A12_missing_weight_semantics/R244_not_rated_or_rated_zero	E05_the_space_of_compilers/A21_missing_weight_semantics/R244_not_rated_or_rated_zero	arc renumbered
E05_the_space_of_compilers/A12_missing_weight_semantics/R245_does_it_move_the_formulation	E05_the_space_of_compilers/A21_missing_weight_semantics/R245_does_it_move_the_formulation	arc renumbered
E05_the_space_of_compilers/A05_how_i_build_controls/R229_the_control_band	E05_the_space_of_compilers/A22_does_this_epochs_own_method_hold_up/R229_the_control_band	arc renumbered
E05_the_space_of_compilers/A06_the_walls_this_arc_asserted/R232_wall_audit	E05_the_space_of_compilers/A22_does_this_epochs_own_method_hold_up/R232_wall_audit	arc renumbered
E05_the_space_of_compilers/A09_the_certificate/R236_certificate_for_the_official_core	E05_the_space_of_compilers/A22_does_this_epochs_own_method_hold_up/R236_certificate_for_the_official_core	arc renumbered
E05_the_space_of_compilers/A11_does_E05_meet_its_own_standard/R242_self_audit	E05_the_space_of_compilers/A22_does_this_epochs_own_method_hold_up/R242_self_audit	arc renumbered
E05_the_space_of_compilers/A13_is_the_admissibility_gate_the_right_gate/R248_capacity_versus_realised_alphabet	E05_the_space_of_compilers/A23_is_the_admissibility_gate_the_right_gate/R248_capacity_versus_realised_alphabet	arc renumbered
E05_the_space_of_compilers/A13_is_the_admissibility_gate_the_right_gate/R249_which_printed_criteria_do_work	E05_the_space_of_compilers/A23_is_the_admissibility_gate_the_right_gate/R249_which_printed_criteria_do_work	arc renumbered
E05_the_space_of_compilers/A13_is_the_admissibility_gate_the_right_gate/R250_can_provenance_be_reconstructed	E05_the_space_of_compilers/A23_is_the_admissibility_gate_the_right_gate/R250_can_provenance_be_reconstructed	arc renumbered
E05_the_space_of_compilers/A13_is_the_admissibility_gate_the_right_gate/R251_substitution_is_the_dose_that_can_kill	E05_the_space_of_compilers/A23_is_the_admissibility_gate_the_right_gate/R251_substitution_is_the_dose_that_can_kill	arc renumbered
E05_the_space_of_compilers/A13_is_the_admissibility_gate_the_right_gate/R252_was_it_redundancy_or_the_marginal	E05_the_space_of_compilers/A23_is_the_admissibility_gate_the_right_gate/R252_was_it_redundancy_or_the_marginal	arc renumbered
E05_the_space_of_compilers/A13_is_the_admissibility_gate_the_right_gate/R253_is_A_real_just_n_in_a_costume	E05_the_space_of_compilers/A23_is_the_admissibility_gate_the_right_gate/R253_is_A_real_just_n_in_a_costume	arc renumbered
E05_the_space_of_compilers/A13_is_the_admissibility_gate_the_right_gate/R254_targeted_substitution_and_where_the_real_core_sits	E05_the_space_of_compilers/A23_is_the_admissibility_gate_the_right_gate/R254_targeted_substitution_and_where_the_real_core_sits	arc renumbered
E05_the_space_of_compilers/A13_is_the_admissibility_gate_the_right_gate/R255_is_the_redundancy_lexical_at_all	E05_the_space_of_compilers/A23_is_the_admissibility_gate_the_right_gate/R255_is_the_redundancy_lexical_at_all	arc renumbered
E05_the_space_of_compilers/A13_is_the_admissibility_gate_the_right_gate/R256_is_the_rubric_rank_one	E05_the_space_of_compilers/A23_is_the_admissibility_gate_the_right_gate/R256_is_the_rubric_rank_one	arc renumbered
E05_the_space_of_compilers/A13_is_the_admissibility_gate_the_right_gate/R257_label_order_gauge_propagation	E05_the_space_of_compilers/A23_is_the_admissibility_gate_the_right_gate/R257_label_order_gauge_propagation	arc renumbered
E05_the_space_of_compilers/A13_is_the_admissibility_gate_the_right_gate/R258_size_matched_rank_one	E05_the_space_of_compilers/A23_is_the_admissibility_gate_the_right_gate/R258_size_matched_rank_one	arc renumbered
E05_the_space_of_compilers/A13_is_the_admissibility_gate_the_right_gate/R259_does_the_rate_survive_noise	E05_the_space_of_compilers/A23_is_the_admissibility_gate_the_right_gate/R259_does_the_rate_survive_noise	arc renumbered
E05_the_space_of_compilers/A13_is_the_admissibility_gate_the_right_gate/R260_instrument_noise_intervals	E05_the_space_of_compilers/A23_is_the_admissibility_gate_the_right_gate/R260_instrument_noise_intervals	arc renumbered
E05_the_space_of_compilers/A13_is_the_admissibility_gate_the_right_gate/R261_hash_seed_sweep	E05_the_space_of_compilers/A23_is_the_admissibility_gate_the_right_gate/R261_hash_seed_sweep	arc renumbered
E05_the_space_of_compilers/A13_is_the_admissibility_gate_the_right_gate/R262_the_floors_R261_said_it_could_not_reach	E05_the_space_of_compilers/A23_is_the_admissibility_gate_the_right_gate/R262_the_floors_R261_said_it_could_not_reach	arc renumbered
E05_the_space_of_compilers/A13_is_the_admissibility_gate_the_right_gate/R263_the_remaining_salted_rounds	E05_the_space_of_compilers/A23_is_the_admissibility_gate_the_right_gate/R263_the_remaining_salted_rounds	arc renumbered
E05_the_space_of_compilers/A13_is_the_admissibility_gate_the_right_gate/R264_how_often_does_R241_hold	E05_the_space_of_compilers/A23_is_the_admissibility_gate_the_right_gate/R264_how_often_does_R241_hold	arc renumbered
E05_the_space_of_compilers/A13_is_the_admissibility_gate_the_right_gate/R265_is_R241s_control_validated_by_noise	E05_the_space_of_compilers/A23_is_the_admissibility_gate_the_right_gate/R265_is_R241s_control_validated_by_noise	arc renumbered
E05_the_space_of_compilers/A13_is_the_admissibility_gate_the_right_gate/R266_which_noise_actually_binds	E05_the_space_of_compilers/A23_is_the_admissibility_gate_the_right_gate/R266_which_noise_actually_binds	arc renumbered
E05_the_space_of_compilers/A13_is_the_admissibility_gate_the_right_gate/R267_what_this_release_can_resolve	E05_the_space_of_compilers/A23_is_the_admissibility_gate_the_right_gate/R267_what_this_release_can_resolve	arc renumbered
E05_the_space_of_compilers/A13_is_the_admissibility_gate_the_right_gate/R268_a_calibrated_detector_and_the_real_MDE	E05_the_space_of_compilers/A23_is_the_admissibility_gate_the_right_gate/R268_a_calibrated_detector_and_the_real_MDE	arc renumbered
E05_the_space_of_compilers/A13_is_the_admissibility_gate_the_right_gate/R269_a_sham_that_can_fail	E05_the_space_of_compilers/A23_is_the_admissibility_gate_the_right_gate/R269_a_sham_that_can_fail	arc renumbered
E05_the_space_of_compilers/A13_is_the_admissibility_gate_the_right_gate/R270_the_arc_chose_the_coarser_statistic	E05_the_space_of_compilers/A23_is_the_admissibility_gate_the_right_gate/R270_the_arc_chose_the_coarser_statistic	arc renumbered
E05_the_space_of_compilers/A13_is_the_admissibility_gate_the_right_gate/R271_the_clustering_inflation_with_a_number_on_it	E05_the_space_of_compilers/A23_is_the_admissibility_gate_the_right_gate/R271_the_clustering_inflation_with_a_number_on_it	arc renumbered
E05_the_space_of_compilers/A13_is_the_admissibility_gate_the_right_gate/R272_the_inflation_with_a_calibration_that_takes	E05_the_space_of_compilers/A23_is_the_admissibility_gate_the_right_gate/R272_the_inflation_with_a_calibration_that_takes	arc renumbered
E05_the_space_of_compilers/A13_is_the_admissibility_gate_the_right_gate/R273_the_inflation_as_an_interval	E05_the_space_of_compilers/A23_is_the_admissibility_gate_the_right_gate/R273_the_inflation_as_an_interval	arc renumbered
E05_the_space_of_compilers/A13_is_the_admissibility_gate_the_right_gate/R274_the_site_MDE_at_fine_resolution	E05_the_space_of_compilers/A23_is_the_admissibility_gate_the_right_gate/R274_the_site_MDE_at_fine_resolution	arc renumbered
E05_the_space_of_compilers/A13_is_the_admissibility_gate_the_right_gate/R275_what_a_replication_can_and_cannot_catch	E05_the_space_of_compilers/A23_is_the_admissibility_gate_the_right_gate/R275_what_a_replication_can_and_cannot_catch	arc renumbered
E05_the_space_of_compilers/A13_is_the_admissibility_gate_the_right_gate/R277_is_necessity_tolerance_free	E05_the_space_of_compilers/A23_is_the_admissibility_gate_the_right_gate/R277_is_necessity_tolerance_free	arc renumbered
E05_the_space_of_compilers/A13_is_the_admissibility_gate_the_right_gate/R278_can_the_admissibility_gate_ever_fire	E05_the_space_of_compilers/A23_is_the_admissibility_gate_the_right_gate/R278_can_the_admissibility_gate_ever_fire	arc renumbered
E05_the_space_of_compilers/A13_is_the_admissibility_gate_the_right_gate/R279_was_the_gate_violated_by_its_own_founding_round	E05_the_space_of_compilers/A23_is_the_admissibility_gate_the_right_gate/R279_was_the_gate_violated_by_its_own_founding_round	arc renumbered
E05_the_space_of_compilers/A13_is_the_admissibility_gate_the_right_gate/R280_is_the_gate_unit_coherent	E05_the_space_of_compilers/A23_is_the_admissibility_gate_the_right_gate/R280_is_the_gate_unit_coherent	arc renumbered
E05_the_space_of_compilers/A13_is_the_admissibility_gate_the_right_gate/R281_does_the_coherent_gate_admit_this_release	E05_the_space_of_compilers/A23_is_the_admissibility_gate_the_right_gate/R281_does_the_coherent_gate_admit_this_release	arc renumbered
E05_the_space_of_compilers/A13_is_the_admissibility_gate_the_right_gate/R282_is_the_saturation_forced_by_sample_size	E05_the_space_of_compilers/A23_is_the_admissibility_gate_the_right_gate/R282_is_the_saturation_forced_by_sample_size	arc renumbered
E05_the_space_of_compilers/A13_is_the_admissibility_gate_the_right_gate/R283_is_there_headroom_above_a_constant	E05_the_space_of_compilers/A23_is_the_admissibility_gate_the_right_gate/R283_is_there_headroom_above_a_constant	arc renumbered
E05_the_space_of_compilers/A16_what_the_definition_costs/R276_is_generic_degenerate	E05_the_space_of_compilers/A24_what_the_definition_costs/R276_is_generic_degenerate	arc renumbered
E05_the_space_of_compilers/A16_what_the_definition_costs/R284_are_the_two_winners_one_mechanism	E05_the_space_of_compilers/A24_what_the_definition_costs/R284_are_the_two_winners_one_mechanism	arc renumbered
E05_the_space_of_compilers/A16_what_the_definition_costs/R285_how_wide_is_the_admissible_band	E05_the_space_of_compilers/A24_what_the_definition_costs/R285_how_wide_is_the_admissible_band	arc renumbered
E05_the_space_of_compilers/A16_what_the_definition_costs/R286_is_clause_2_a_property_of_the_baseline	E05_the_space_of_compilers/A24_what_the_definition_costs/R286_is_clause_2_a_property_of_the_baseline	arc renumbered
E05_the_space_of_compilers/A16_what_the_definition_costs/R287_how_much_selection_may_a_baseline_have	E05_the_space_of_compilers/A24_what_the_definition_costs/R287_how_much_selection_may_a_baseline_have	arc renumbered
E05_the_space_of_compilers/A16_what_the_definition_costs/R288_does_the_partition_survive_the_target	E05_the_space_of_compilers/A24_what_the_definition_costs/R288_does_the_partition_survive_the_target	arc renumbered
E05_the_space_of_compilers/A16_what_the_definition_costs/R289_which_target_earns_the_definition	E05_the_space_of_compilers/A24_what_the_definition_costs/R289_which_target_earns_the_definition	arc renumbered
E05_the_space_of_compilers/A16_what_the_definition_costs/R290_does_the_partition_survive_the_judge	E05_the_space_of_compilers/A24_what_the_definition_costs/R290_does_the_partition_survive_the_judge	arc renumbered
E05_the_space_of_compilers/A16_what_the_definition_costs/R291_the_register_was_never_audited	E05_the_space_of_compilers/A24_what_the_definition_costs/R291_the_register_was_never_audited	arc renumbered
E05_the_space_of_compilers/A16_what_the_definition_costs/R292_audit_every_published_cell	E05_the_space_of_compilers/A24_what_the_definition_costs/R292_audit_every_published_cell	arc renumbered
E05_the_space_of_compilers/A16_what_the_definition_costs/R293_does_the_definition_exclude_a_fitted_core	E05_the_space_of_compilers/A24_what_the_definition_costs/R293_does_the_definition_exclude_a_fitted_core	arc renumbered
E05_the_space_of_compilers/A16_what_the_definition_costs/R294_the_definition_against_everything	E05_the_space_of_compilers/A24_what_the_definition_costs/R294_the_definition_against_everything	arc renumbered
E05_the_space_of_compilers/A16_what_the_definition_costs/R295_held_out_annotators_are_not_held_out_labels	E05_the_space_of_compilers/A24_what_the_definition_costs/R295_held_out_annotators_are_not_held_out_labels	arc renumbered
E05_the_space_of_compilers/A16_what_the_definition_costs/R296_is_there_an_optimal_k	E05_the_space_of_compilers/A24_what_the_definition_costs/R296_is_there_an_optimal_k	arc renumbered
E05_the_space_of_compilers/A16_what_the_definition_costs/R297_why_k1_loses	E05_the_space_of_compilers/A24_what_the_definition_costs/R297_why_k1_loses	arc renumbered
E05_the_space_of_compilers/A16_what_the_definition_costs/R298_is_importance_monotone	E05_the_space_of_compilers/A24_what_the_definition_costs/R298_is_importance_monotone	arc renumbered
E05_the_space_of_compilers/A16_what_the_definition_costs/R299_where_the_selection_boundary_is	E05_the_space_of_compilers/A24_what_the_definition_costs/R299_where_the_selection_boundary_is	arc renumbered
E05_the_space_of_compilers/A16_what_the_definition_costs/R300_does_combination_generalise	E05_the_space_of_compilers/A24_what_the_definition_costs/R300_does_combination_generalise	arc renumbered
E05_the_space_of_compilers/A16_what_the_definition_costs/R301_is_the_judge_a_shrink_or_a_reorder	E05_the_space_of_compilers/A24_what_the_definition_costs/R301_is_the_judge_a_shrink_or_a_reorder	arc renumbered
E05_the_space_of_compilers/A16_what_the_definition_costs/R302_are_the_artifacts_reproducible	E05_the_space_of_compilers/A24_what_the_definition_costs/R302_are_the_artifacts_reproducible	arc renumbered
E05_the_space_of_compilers/A16_what_the_definition_costs/R277_the_mde_of_the_design_that_priced_it	E05_the_space_of_compilers/A24_what_the_definition_costs/R303_the_mde_of_the_design_that_priced_it	ID REASSIGNED — this round shared its id with a different round in A23; first claim by git kept the id
E05_the_space_of_compilers/A16_what_the_definition_costs/R278_is_the_boundary_resolvable	E05_the_space_of_compilers/A24_what_the_definition_costs/R304_is_the_boundary_resolvable	ID REASSIGNED — this round shared its id with a different round in A23; first claim by git kept the id
E05_the_space_of_compilers/A16_what_the_definition_costs/R279_what_would_resolve_the_boundary	E05_the_space_of_compilers/A24_what_the_definition_costs/R305_what_would_resolve_the_boundary	ID REASSIGNED — this round shared its id with a different round in A23; first claim by git kept the id
E05_the_space_of_compilers/A16_what_the_definition_costs/R280_the_table_at_every_annotator	E05_the_space_of_compilers/A24_what_the_definition_costs/R306_the_table_at_every_annotator	ID REASSIGNED — this round shared its id with a different round in A23; first claim by git kept the id
E05_the_space_of_compilers/A16_what_the_definition_costs/R281_a_size_matched_neutral_arm	E05_the_space_of_compilers/A24_what_the_definition_costs/R307_a_size_matched_neutral_arm	ID REASSIGNED — this round shared its id with a different round in A23; first claim by git kept the id
E05_the_space_of_compilers/A16_what_the_definition_costs/R282_neutral_clause_at_matched_k4	E05_the_space_of_compilers/A24_what_the_definition_costs/R308_neutral_clause_at_matched_k4	ID REASSIGNED — this round shared its id with a different round in A23; first claim by git kept the id
